INSERT INTO Categorie(code, libelle, description) VALUES 
    ( 1, 'Boissons', 'Boissons, cafés, thés, bières'),
	( 2, 'Condiments', 'Sauces, assaisonnements et épices'),
	( 3, 'Desserts', 'Desserts et friandises'),
	( 4, 'Produit laitiers', 'Fromages'),
	( 5, 'Pâtes et céréales', 'Pains, biscuits, pâtes et céréales'),
	( 6, 'Viandes', 'Viandes préparées'),
	( 7, 'Produit secs', 'Fruits secs, raisins, autres'),
	( 8, 'Poissons et fruits de mer', 'Poissons, fruits de mer, escargots');

INSERT INTO Client(code, societe, contact, fonction, adresse, ville, region, code_postal, pays, telephone, fax) VALUES 
    ( 'ALFKI', 'Alfreds Futterkiste', 'Maria Anders', 'Représentant(e)', 'Obere Str. 57', 'Berlin', NULL, '12209', 'Allemagne', '030-0074321', '030-0076545'),
	( 'ANATR', 'Ana Trujillo Emparedados y helados', 'Ana Trujillo', 'Propriétaire', 'Avda. de la Constitución 2222', 'México D.F.', NULL, '05021', 'Mexique', '(5) 555-4729', '(5) 555-3745'),
	( 'ANTON', 'Antonio Moreno Taquería', 'Antonio Moreno', 'Propriétaire', 'Mataderos  2312', 'México D.F.', NULL, '05023', 'Mexique', '(5) 555-3932', NULL),
	( 'AROUT', 'Around the Horn', 'Thomas Hardy', 'Représentant(e)', '120 Hanover Sq.', 'London', NULL, 'WA1 1DP', 'Royaume-Uni', '(71) 555-7788', '(71) 555-6750'),
	( 'BERGS', 'Berglunds snabbköp', 'Christina Berglund', 'Acheteur', 'Berguvsvägen  8', 'Luleå', NULL, 'S-958 22', 'Suède', '0921-12 34 65', '0921-12 34 67'),
	( 'BLAUS', 'Blauer See Delikatessen', 'Hanna Moos', 'Représentant(e)', 'Forsterstr. 57', 'Mannheim', NULL, '68306', 'Allemagne', '0621-08460', '0621-08924'),
	( 'BLONP', 'Blondel père et fils', 'Frédérique Citeaux', 'Directeur du marketing', '24, place Kléber', 'Strasbourg', NULL, '67000', 'France', '88.60.15.31', '88.60.15.32'),
	( 'BOLID', 'Bólido Comidas preparadas', 'Martín Sommer', 'Propriétaire', 'C/ Araquil, 67', 'Madrid', NULL, '28023', 'Espagne', '(91) 555 22 82', '(91) 555 91 99'),
	( 'BONAP', 'Bon app''', 'Laurence Lebihan', 'Propriétaire', '12, rue des Bouchers', 'Marseille', NULL, '13008', 'France', '91.24.45.40', '91.24.45.41'),
	( 'BOTTM', 'Bottom-Dollar Markets', 'Elizabeth Lincoln', 'Chef comptable', '23 Tsawassen Blvd.', 'Tsawassen', 'BC', 'T2F 8M4', 'Canada', '(604) 555-4729', '(604) 555-3745'),
	( 'BSBEV', 'B''s Beverages', 'Victoria Ashworth', 'Représentant(e)', 'Fauntleroy Circus', 'London', NULL, 'EC2 5NT', 'Royaume-Uni', '(71) 555-1212', NULL),
	( 'CACTU', 'Cactus Comidas para llevar', 'Patricio Simpson', 'Assistant(e) des ventes', 'Cerrito 333', 'Buenos Aires', NULL, '1010', 'Argentine', '(1) 135-5555', '(1) 135-4892'),
	( 'CENTC', 'Centro comercial Moctezuma', 'Francisco Chang', 'Directeur du marketing', 'Sierras de Granada 9993', 'México D.F.', NULL, '05022', 'Mexique', '(5) 555-3392', '(5) 555-7293'),
	( 'CHOPS', 'Chop-suey Chinese', 'Yang Wang', 'Propriétaire', 'Hauptstr. 29', 'Bern', NULL, '3012', 'Suisse', '0452-076545', NULL),
	( 'COMMI', 'Comércio Mineiro', 'Pedro Afonso', 'Assistant(e) des ventes', 'Av. dos Lusíadas, 23', 'São Paulo', 'SP', '05432-043', 'Brésil', '(11) 555-7647', NULL),
	( 'CONSH', 'Consolidated Holdings', 'Elizabeth Brown', 'Représentant(e)', 'Berkeley Gardens, 12  Brewery', 'London', NULL, 'WX1 6LT', 'Royaume-Uni', '(71) 555-2282', '(71) 555-9199'),
	( 'DRACD', 'Drachenblut Delikatessen', 'Sven Ottlieb', 'Acheteur', 'Walserweg 21', 'Aachen', NULL, '52066', 'Allemagne', '0241-039123', '0241-059428'),
	( 'DUMON', 'Du monde entier', 'Janine Labrune', 'Propriétaire', '67, rue des Cinquante Otages', 'Nantes', NULL, '44000', 'France', '40.67.88.88', '40.67.89.89'),
	( 'EASTC', 'Eastern Connection', 'Ann Devon', 'Assistant(e) des ventes', '35 King George', 'London', NULL, 'WX3 6FW', 'Royaume-Uni', '(71) 555-0297', '(71) 555-3373'),
	( 'ERNSH', 'Ernst Handel', 'Roland Mendel', 'Chef des ventes', 'Kirchgasse 6', 'Graz', NULL, '8010', 'Autriche', '7675-3425', '7675-3426'),
	( 'FAMIA', 'Familia Arquibaldo', 'Aria Cruz', 'Assistant(e) marketing', 'Rua Orós, 92', 'São Paulo', 'SP', '05442-030', 'Brésil', '(11) 555-9857', NULL),
	( 'FISSA', 'FISSA Fabrica Inter. Salchichas S.A.', 'Diego Roel', 'Chef comptable', 'C/ Moralzarzal, 86', 'Madrid', NULL, '28034', 'Espagne', '(91) 555 94 44', '(91) 555 55 93'),
	( 'FOLIG', 'Folies gourmandes', 'Martine Rancé', 'Représentant(e)', '184, chaussée de Tournai', 'Lille', NULL, '59000', 'France', '20.16.10.16', '20.16.10.17'),
	( 'FOLKO', 'Folk och fä HB', 'Maria Larsson', 'Propriétaire', 'Åkergatan 24', 'Bräcke', NULL, 'S-844 67', 'Suède', '0695-34 67 21', NULL),
	( 'FRANK', 'Frankenversand', 'Peter Franken', 'Directeur du marketing', 'Berliner Platz 43', 'München', NULL, '80805', 'Allemagne', '089-0877310', '089-0877451'),
	( 'FRANR', 'France restauration', 'Carine Schmitt', 'Directeur du marketing', '54, rue Royale', 'Nantes', NULL, '44000', 'France', '40.32.21.21', '40.32.21.20'),
	( 'FRANS', 'Franchi S.p.A.', 'Paolo Accorti', 'Représentant(e)', 'Via Monte Bianco 34', 'Torino', NULL, '10100', 'Italie', '011-4988260', '011-4988261'),
	( 'FURIB', 'Furia Bacalhau e Frutos do Mar', 'Lino Rodriguez', 'Chef des ventes', 'Jardim das rosas n. 32', 'Lisboa', NULL, '1675', 'Portugal', '(1) 354-2534', '(1) 354-2535'),
	( 'GALED', 'Galería del gastrónomo', 'Eduardo Saavedra', 'Directeur du marketing', 'Rambla de Cataluña, 23', 'Barcelona', NULL, '08022', 'Espagne', '(93) 203 4560', '(93) 203 4561'),
	( 'GODOS', 'Godos Cocina Típica', 'José Pedro Freyre', 'Chef des ventes', 'C/ Romero, 33', 'Sevilla', NULL, '41101', 'Espagne', '(95) 555 82 82', NULL),
	( 'GOURL', 'Gourmet Lanchonetes', 'André Fonseca', 'Assistant(e) des ventes', 'Av. Brasil, 442', 'Campinas', 'SP', '04876-786', 'Brésil', '(11) 555-9482', NULL),
	( 'GREAL', 'Great Lakes Food Market', 'Howard Snyder', 'Directeur du marketing', '2732 Baker Blvd.', 'Eugene', 'OR', '97403', 'États-Unis', '(503) 555-7555', NULL),
	( 'GROSR', 'GROSELLA-Restaurante', 'Manuel Pereira', 'Propriétaire', '5ª Ave. Los Palos Grandes', 'Caracas', 'DF', '1081', 'Venezuela', '(2) 283-2951', '(2) 283-3397'),
	( 'HANAR', 'Hanari Carnes', 'Mario Pontes', 'Chef comptable', 'Rua do Paço, 67', 'Rio de Janeiro', 'RJ', '05454-876', 'Brésil', '(21) 555-0091', '(21) 555-8765'),
	( 'HILAA', 'HILARIÓN-Abastos', 'Carlos Hernández', 'Représentant(e)', 'Carrera 22 con Ave. Carlos Soublette #8-35', 'San Cristóbal', 'Táchira', '5022', 'Venezuela', '(5) 555-1340', '(5) 555-1948'),
	( 'HUNGC', 'Hungry Coyote Import Store', 'Yoshi Latimer', 'Représentant(e)', 'City Center Plaza 516 Main St.', 'Elgin', 'OR', '97827', 'États-Unis', '(503) 555-6874', '(503) 555-2376'),
	( 'HUNGO', 'Hungry Owl All-Night Grocers', 'Patricia McKenna', 'Assistant(e) des ventes', '8 Johnstown Road', 'Cork', 'Co. Cork', NULL, 'Irlande', '2967 542', '2967 3333'),
	( 'ISLAT', 'Island Trading', 'Helen Bennett', 'Directeur du marketing', 'Garden House Crowther Way', 'Cowes', 'Isle of Wight', 'PO31 7PJ', 'Royaume-Uni', '(198) 555-8888', NULL),
	( 'KOENE', 'Königlich Essen', 'Philip Cramer', 'Assistant(e) des ventes', 'Maubelstr. 90', 'Brandenburg', NULL, '14776', 'Allemagne', '0555-09876', NULL),
	( 'LACOR', 'La corne d''abondance', 'Daniel Tonini', 'Représentant(e)', '67, avenue de l''Europe', 'Versailles', NULL, '78000', 'France', '30.59.84.10', '30.59.85.11'),
	( 'LAMAI', 'La maison d''Asie', 'Annette Roulet', 'Chef des ventes', '1 rue Alsace-Lorraine', 'Toulouse', NULL, '31000', 'France', '61.77.61.10', '61.77.61.11'),
	( 'LAUGB', 'Laughing Bacchus Wine Cellars', 'Yoshi Tannamuri', 'Assistant(e) marketing', '1900 Oak St.', 'Vancouver', 'BC', 'V3F 2K1', 'Canada', '(604) 555-3392', '(604) 555-7293'),
	( 'LAZYK', 'Lazy K Kountry Store', 'John Steel', 'Directeur du marketing', '12 Orchestra Terrace', 'Walla Walla', 'WA', '99362', 'États-Unis', '(509) 555-7969', '(509) 555-6221'),
	( 'LEHMS', 'Lehmanns Marktstand', 'Renate Messner', 'Représentant(e)', 'Magazinweg 7', 'Frankfurt a.M.', NULL, '60528', 'Allemagne', '069-0245984', '069-0245874'),
	( 'LETSS', 'Let''s Stop N Shop', 'Jaime Yorres', 'Propriétaire', '87 Polk St. Suite 5', 'San Francisco', 'CA', '94117', 'États-Unis', '(415) 555-5938', NULL),
	( 'LILAS', 'LILA-Supermercado', 'Carlos González', 'Chef comptable', 'Carrera 52 con Ave. Bolívar #65-98 Llano Largo', 'Barquisimeto', 'Lara', '3508', 'Venezuela', '(9) 331-6954', '(9) 331-7256'),
	( 'LINOD', 'LINO-Delicateses', 'Felipe Izquierdo', 'Propriétaire', 'Ave. 5 de Mayo Porlamar', 'I. de Margarita', 'Nueva Esparta', '4980', 'Venezuela', '(8) 34-56-12', '(8) 34-93-93'),
	( 'LONEP', 'Lonesome Pine Restaurant', 'Fran Wilson', 'Chef des ventes', '89 Chiaroscuro Rd.', 'Portland', 'OR', '97219', 'États-Unis', '(503) 555-9573', '(503) 555-9646'),
	( 'MAGAA', 'Magazzini Alimentari Riuniti', 'Giovanni Rovelli', 'Directeur du marketing', 'Via Ludovico il Moro 22', 'Bergamo', NULL, '24100', 'Italie', '035-640230', '035-640231'),
	( 'MAISD', 'Maison Dewey', 'Catherine Dewey', 'Assistant(e) des ventes', 'Rue Joseph-Bens 532', 'Bruxelles', NULL, 'B-1180', 'Belgique', '(02) 201 24 67', '(02) 201 24 68'),
	( 'MEREP', 'Mère Paillarde', 'Jean Fresnière', 'Assistant(e) marketing', '43 rue St. Laurent', 'Montréal', 'Québec', 'H1J 1C3', 'Canada', '(514) 555-8054', '(514) 555-8055'),
	( 'MORGK', 'Morgenstern Gesundkost', 'Alexander Feuer', 'Assistant(e) marketing', 'Heerstr. 22', 'Leipzig', NULL, '04179', 'Allemagne', '0342-023176', NULL),
	( 'NORTS', 'North/South', 'Simon Crowther', 'Assistant(e) des ventes', 'South House 300 Queensbridge', 'London', NULL, 'SW7 1RZ', 'Royaume-Uni', '(71) 555-7733', '(71) 555-2530'),
	( 'OCEAN', 'Océano Atlántico Ltda.', 'Yvonne Moncada', 'Assistant(e) des ventes', 'Ing. Gustavo Moncada 8585 Piso 20-A', 'Buenos Aires', NULL, '1010', 'Argentine', '(1) 135-5333', '(1) 135-5535'),
	( 'OLDWO', 'Old World Delicatessen', 'Rene Phillips', 'Représentant(e)', '2743 Bering St.', 'Anchorage', 'AK', '99508', 'États-Unis', '(907) 555-7584', '(907) 555-2880'),
	( 'OTTIK', 'Ottilies Käseladen', 'Henriette Pfalzheim', 'Propriétaire', 'Mehrheimerstr. 369', 'Köln', NULL, '50739', 'Allemagne', '0221-0644327', '0221-0765721'),
	( 'PARIS', 'Paris spécialités', 'Marie Bertrand', 'Propriétaire', '265, boulevard Charonne', 'Paris', NULL, '75012', 'France', '(1) 42.34.22.66', '(1) 42.34.22.77'),
	( 'PERIC', 'Pericles Comidas clásicas', 'Guillermo Fernández', 'Représentant(e)', 'Calle Dr. Jorge Cash 321', 'México D.F.', NULL, '05033', 'Mexique', '(5) 552-3745', '(5) 545-3745'),
	( 'PICCO', 'Piccolo und mehr', 'Georg Pipps', 'Chef des ventes', 'Geislweg 14', 'Salzburg', NULL, '5020', 'Autriche', '6562-9722', '6562-9723'),
	( 'PRINI', 'Princesa Isabel Vinhos', 'Isabel de Castro', 'Représentant(e)', 'Estrada da saúde n. 58', 'Lisboa', NULL, '1756', 'Portugal', '(1) 356-5634', NULL),
	( 'QUEDE', 'Que Delícia', 'Bernardo Batista', 'Chef comptable', 'Rua da Panificadora, 12', 'Rio de Janeiro', 'RJ', '02389-673', 'Brésil', '(21) 555-4252', '(21) 555-4545'),
	( 'QUEEN', 'Queen Cozinha', 'Lúcia Carvalho', 'Assistant(e) marketing', 'Alameda dos Canàrios, 891', 'São Paulo', 'SP', '05487-020', 'Brésil', '(11) 555-1189', NULL),
	( 'QUICK', 'QUICK-Stop', 'Horst Kloss', 'Chef comptable', 'Taucherstraße 10', 'Cunewalde', NULL, '01307', 'Allemagne', '0372-035188', NULL),
	( 'RANCH', 'Rancho grande', 'Sergio Gutiérrez', 'Représentant(e)', 'Av. del Libertador 900', 'Buenos Aires', NULL, '1010', 'Argentine', '(1) 123-5555', '(1) 123-5556'),
	( 'RATTC', 'Rattlesnake Canyon Grocery', 'Paula Wilson', 'Représentant(e)', '2817 Milton Dr.', 'Albuquerque', 'NM', '87110', 'États-Unis', '(505) 555-5939', '(505) 555-3620'),
	( 'REGGC', 'Reggiani Caseifici', 'Maurizio Moroni', 'Assistant(e) des ventes', 'Strada Provinciale 124', 'Reggio Emilia', NULL, '42100', 'Italie', '0522-556721', '0522-556722'),
	( 'RICAR', 'Ricardo Adocicados', 'Janete Limeira', 'Représentant(e)', 'Av. Copacabana, 267', 'Rio de Janeiro', 'RJ', '02389-890', 'Brésil', '(21) 555-3412', NULL),
	( 'RICSU', 'Richter Supermarkt', 'Michael Holz', 'Chef des ventes', 'Grenzacherweg 237', 'Genève', NULL, '1203', 'Suisse', '0897-034214', NULL),
	( 'ROMEY', 'Romero y tomillo', 'Alejandra Camino', 'Chef comptable', 'Gran Vía, 1', 'Madrid', NULL, '28001', 'Espagne', '(91) 745 6200', '(91) 745 6210'),
	( 'SANTG', 'Santé Gourmet', 'Jonas Bergulfsen', 'Propriétaire', 'Erling Skakkes gate 78', 'Stavern', NULL, '4110', 'Norvège', '07-98 92 35', '07-98 92 47'),
	( 'SAVEA', 'Save-a-lot Markets', 'Jose Pavarotti', 'Représentant(e)', '187 Suffolk Ln.', 'Boise', 'ID', '83720', 'États-Unis', '(208) 555-8097', NULL),
	( 'SEVES', 'Seven Seas Imports', 'Hari Kumar', 'Chef des ventes', '90 Wadhurst Rd.', 'London', NULL, 'OX15 4NB', 'Royaume-Uni', '(71) 555-1717', '(71) 555-5646'),
	( 'SIMOB', 'Simons bistro', 'Jytte Petersen', 'Propriétaire', 'Vinbæltet 34', 'København', NULL, '1734', 'Danemark', '31 12 34 56', '31 13 35 57'),
	( 'SPECD', 'Spécialités du monde', 'Dominique Perrier', 'Directeur du marketing', '25, rue Lauriston', 'Paris', NULL, '75016', 'France', '(1) 47.55.60.10', '(1) 47.55.60.20'),
	( 'SPLIR', 'Split Rail Beer & Ale', 'Art Braunschweiger', 'Chef des ventes', 'P.O. Box 555', 'Lander', 'WY', '82520', 'États-Unis', '(307) 555-4680', '(307) 555-6525'),
	( 'SUPRD', 'Suprêmes délices', 'Pascale Cartrain', 'Chef comptable', 'Boulevard Tirou, 255', 'Charleroi', NULL, 'B-6000', 'Belgique', '(071) 23 67 22 20', '(071) 23 67 22 21'),
	( 'THEBI', 'The Big Cheese', 'Liz Nixon', 'Directeur du marketing', '89 Jefferson Way Suite 2', 'Portland', 'OR', '97201', 'États-Unis', '(503) 555-3612', NULL),
	( 'THECR', 'The Cracker Box', 'Liu Wong', 'Assistant(e) marketing', '55 Grizzly Peak Rd.', 'Butte', 'MT', '59801', 'États-Unis', '(406) 555-5834', '(406) 555-8083'),
	( 'TOMSP', 'Toms Spezialitäten', 'Karin Josephs', 'Directeur du marketing', 'Luisenstr. 48', 'Münster', NULL, '44087', 'Allemagne', '0251-031259', '0251-035695'),
	( 'TORTU', 'Tortuga Restaurante', 'Miguel Angel Paolino', 'Propriétaire', 'Avda. Azteca 123', 'México D.F.', NULL, '05033', 'Mexique', '(5) 555-2933', NULL),
	( 'TRADH', 'Tradição Hipermercados', 'Anabela Domingues', 'Représentant(e)', 'Av. Inês de Castro, 414', 'São Paulo', 'SP', '05634-030', 'Brésil', '(11) 555-2167', '(11) 555-2168'),
	( 'TRAIH', 'Trail''s Head Gourmet Provisioners', 'Helvetius Nagy', 'Assistant(e) des ventes', '722 DaVinci Blvd.', 'Kirkland', 'WA', '98034', 'États-Unis', '(206) 555-8257', '(206) 555-2174'),
	( 'VAFFE', 'Vaffeljernet', 'Palle Ibsen', 'Chef des ventes', 'Smagsløget 45', 'Århus', NULL, '8200', 'Danemark', '86 21 32 43', '86 22 33 44'),
	( 'VICTE', 'Victuailles en stock', 'Mary Saveley', 'Assistant(e) des ventes', '2, rue du Commerce', 'Lyon', NULL, '69004', 'France', '78.32.54.86', '78.32.54.87'),
	( 'VINET', 'Vins et alcools Chevalier', 'Paul Henriot', 'Chef comptable', '59 rue de l''Abbaye', 'Reims', NULL, '51100', 'France', '26.47.15.10', '26.47.15.11'),
	( 'WANDK', 'Die Wandernde Kuh', 'Rita Müller', 'Représentant(e)', 'Adenauerallee 900', 'Stuttgart', NULL, '70563', 'Allemagne', '0711-020361', '0711-035428'),
	( 'WARTH', 'Wartian Herkku', 'Pirkko Koskitalo', 'Chef comptable', 'Torikatu 38', 'Oulu', NULL, '90110', 'Finlande', '981-443655', '981-443655'),
	( 'WELLI', 'Wellington Importadora', 'Paula Parente', 'Chef des ventes', 'Rua do Mercado, 12', 'Resende', 'SP', '08737-363', 'Brésil', '(14) 555-8122', NULL),
	( 'WHITC', 'White Clover Markets', 'Karl Jablonski', 'Propriétaire', '305 - 14th Ave. S.Suite 3B', 'Seattle', 'WA', '98128', 'États-Unis', '(206) 555-4112', '(206) 555-4115'),
	( 'WILMK', 'Wilman Kala', 'Matti Karttunen', 'Assistant du marketing', 'Keskuskatu 45', 'Helsinki', NULL, '21240', 'Finlande', '90-224 8858', '90-224 8858'),
	( 'WOLZA', 'Wolski  Zajazd', 'Zbyszek Piestrzeniewicz', 'Propriétaire', 'ul. Filtrowa 68', 'Warszawa', NULL, '01-012', 'Pologne', '(26) 642-7012', '(26) 642-7012');

INSERT INTO Commande(numero, client_code, saisiele, envoyeele, port, destinataire, adresse, ville, region, code_postal, pays, remise) VALUES 
    ( 10248, 'VINET', '1994-08-04', '1994-08-16', 161.00, 'Vins et alcools Chevalier', '59 rue de l''Abbaye', 'Reims', NULL, '51100', 'France', 0.00),
	( 10249, 'TOMSP', '1994-08-05', '1994-08-10', 58.00, 'Toms Spezialitäten', 'Luisenstr. 48', 'Münster', NULL, '44087', 'Allemagne', 0.00),
	( 10250, 'HANAR', '1994-08-08', '1994-08-12', 329.00, 'Hanari Carnes', 'Rua do Paço, 67', 'Rio de Janeiro', 'RJ', '05454-876', 'Brésil', 0.00),
	( 10251, 'VICTE', '1994-08-08', '1994-08-15', 206.00, 'Victuailles en stock', '2, rue du Commerce', 'Lyon', NULL, '69004', 'France', 0.00),
	( 10252, 'SUPRD', '1994-08-09', '1994-08-11', 256.00, 'Suprêmes délices', 'Boulevard Tirou, 255', 'Charleroi', NULL, 'B-6000', 'Belgique', 0.00),
	( 10253, 'HANAR', '1994-08-10', '1994-08-16', 290.00, 'Hanari Carnes', 'Rua do Paço, 67', 'Rio de Janeiro', 'RJ', '05454-876', 'Brésil', 0.00),
	( 10254, 'CHOPS', '1994-08-11', '1994-08-23', 114.00, 'Chop-suey Chinese', 'Hauptstr. 31', 'Bern', NULL, '3012', 'Suisse', 0.00),
	( 10255, 'RICSU', '1994-08-12', '1994-08-15', 741.00, 'Richter Supermarkt', 'Starenweg 5', 'Genève', NULL, '1204', 'Suisse', 0.00),
	( 10256, 'WELLI', '1994-08-15', '1994-08-17', 69.00, 'Wellington Importadora', 'Rua do Mercado, 12', 'Resende', 'SP', '08737-363', 'Brésil', 0.00),
	( 10257, 'HILAA', '1994-08-16', '1994-08-22', 409.00, 'HILARIÓN-Abastos', 'Carrera 22 con Ave. Carlos Soublette #8-35', 'San Cristóbal', 'Táchira', '5022', 'Venezuela', 0.00),
	( 10258, 'ERNSH', '1994-08-17', '1994-08-23', 702.00, 'Ernst Handel', 'Kirchgasse 6', 'Graz', NULL, '8010', 'Autriche', 0.00),
	( 10259, 'CENTC', '1994-08-18', '1994-08-25', 16.00, 'Centro comercial Moctezuma', 'Sierras de Granada 9993', 'México D.F.', NULL, '05022', 'Mexique', 0.00),
	( 10260, 'OTTIK', '1994-08-19', '1994-08-29', 275.00, 'Ottilies Käseladen', 'Mehrheimerstr. 369', 'Köln', NULL, '50739', 'Allemagne', 0.00),
	( 10261, 'QUEDE', '1994-08-19', '1994-08-30', 15.00, 'Que Delícia', 'Rua da Panificadora, 12', 'Rio de Janeiro', 'RJ', '02389-673', 'Brésil', 0.00),
	( 10262, 'RATTC', '1994-08-22', '1994-08-25', 241.00, 'Rattlesnake Canyon Grocery', '2817 Milton Dr.', 'Albuquerque', 'NM', '87110', 'Etats-Unis', 0.00),
	( 10263, 'ERNSH', '1994-08-23', '1994-08-31', 730.00, 'Ernst Handel', 'Kirchgasse 6', 'Graz', NULL, '8010', 'Autriche', 0.00),
	( 10264, 'FOLKO', '1994-08-24', '1994-09-23', 18.00, 'Folk och fä HB', 'Åkergatan 24', 'Bräcke', NULL, 'S-844 67', 'Suède', 0.00),
	( 10265, 'BLONP', '1994-08-25', '1994-09-12', 276.00, 'Blondel père et fils', '24, place Kléber', 'Strasbourg', NULL, '67000', 'France', 0.00),
	( 10266, 'WARTH', '1994-08-26', '1994-08-31', 128.00, 'Wartian Herkku', 'Torikatu 38', 'Oulu', NULL, '90110', 'Finlande', 0.00),
	( 10267, 'FRANK', '1994-08-29', '1994-09-06', 1042.00, 'Frankenversand', 'Berliner Platz 43', 'München', NULL, '80805', 'Allemagne', 0.00),
	( 10268, 'GROSR', '1994-08-30', '1994-09-02', 331.00, 'GROSELLA-Restaurante', '5ª Ave. Los Palos Grandes', 'Caracas', 'DF', '1081', 'Venezuela', 0.00),
	( 10269, 'WHITC', '1994-08-31', '1994-09-09', 22.00, 'White Clover Markets', '1029 - 12th Ave. S.', 'Seattle', 'WA', '98124', 'Etats-Unis', 0.00),
	( 10270, 'WARTH', '1994-09-01', '1994-09-02', 682.00, 'Wartian Herkku', 'Torikatu 38', 'Oulu', NULL, '90110', 'Finlande', 0.00),
	( 10271, 'SPLIR', '1994-09-01', '1994-09-30', 22.00, 'Split Rail Beer & Ale', 'P.O. Box 555', 'Lander', 'WY', '82520', 'Etats-Unis', 0.00),
	( 10272, 'RATTC', '1994-09-02', '1994-09-06', 490.00, 'Rattlesnake Canyon Grocery', '2817 Milton Dr.', 'Albuquerque', 'NM', '87110', 'Etats-Unis', 0.00),
	( 10273, 'QUICK', '1994-09-05', '1994-09-12', 380.00, 'QUICK-Stop', 'Taucherstraße 10', 'Cunewalde', NULL, '01307', 'Allemagne', 0.00),
	( 10274, 'VINET', '1994-09-06', '1994-09-16', 30.00, 'Vins et alcools Chevalier', '59 rue de l''Abbaye', 'Reims', NULL, '51100', 'France', 0.00),
	( 10275, 'MAGAA', '1994-09-07', '1994-09-09', 134.00, 'Magazzini Alimentari Riuniti', 'Via Ludovico il Moro 22', 'Bergamo', NULL, '24100', 'Italie', 0.00),
	( 10276, 'TORTU', '1994-09-08', '1994-09-14', 69.00, 'Tortuga Restaurante', 'Avda. Azteca 123', 'México D.F.', NULL, '05033', 'Mexique', 0.00),
	( 10277, 'MORGK', '1994-09-09', '1994-09-13', 628.00, 'Morgenstern Gesundkost', 'Heerstr. 22', 'Leipzig', NULL, '04179', 'Allemagne', 0.00),
	( 10278, 'BERGS', '1994-09-12', '1994-09-16', 463.00, 'Berglunds snabbköp', 'Berguvsvägen  8', 'Luleå', NULL, 'S-958 22', 'Suède', 0.00),
	( 10279, 'LEHMS', '1994-09-13', '1994-09-16', 129.00, 'Lehmanns Marktstand', 'Magazinweg 7', 'Frankfurt a.M.', NULL, '60528', 'Allemagne', 0.00),
	( 10280, 'BERGS', '1994-09-14', '1994-10-13', 44.00, 'Berglunds snabbköp', 'Berguvsvägen  8', 'Luleå', NULL, 'S-958 22', 'Suède', 0.00),
	( 10281, 'ROMEY', '1994-09-14', '1994-09-21', 14.00, 'Romero y tomillo', 'Gran Vía, 1', 'Madrid', NULL, '28001', 'Espagne', 0.00),
	( 10282, 'ROMEY', '1994-09-15', '1994-09-21', 63.00, 'Romero y tomillo', 'Gran Vía, 1', 'Madrid', NULL, '28001', 'Espagne', 0.00),
	( 10283, 'LILAS', '1994-09-16', '1994-09-23', 424.00, 'LILA-Supermercado', 'Carrera 52 con Ave. Bolívar #65-98 Llano Largo', 'Barquisimeto', 'Lara', '3508', 'Venezuela', 0.00),
	( 10284, 'LEHMS', '1994-09-19', '1994-09-27', 382.00, 'Lehmanns Marktstand', 'Magazinweg 7', 'Frankfurt a.M.', NULL, '60528', 'Allemagne', 0.00),
	( 10285, 'QUICK', '1994-09-20', '1994-09-26', 384.00, 'QUICK-Stop', 'Taucherstraße 10', 'Cunewalde', NULL, '01307', 'Allemagne', 0.00),
	( 10286, 'QUICK', '1994-09-21', '1994-09-30', 1146.00, 'QUICK-Stop', 'Taucherstraße 10', 'Cunewalde', NULL, '01307', 'Allemagne', 0.00),
	( 10287, 'RICAR', '1994-09-22', '1994-09-28', 63.00, 'Ricardo Adocicados', 'Av. Copacabana, 267', 'Rio de Janeiro', 'RJ', '02389-890', 'Brésil', 0.00),
	( 10288, 'REGGC', '1994-09-23', '1994-10-04', 37.00, 'Reggiani Caseifici', 'Strada Provinciale 124', 'Reggio Emilia', NULL, '42100', 'Italie', 0.00),
	( 10289, 'BSBEV', '1994-09-26', '1994-09-28', 113.00, 'B''s Beverages', 'Fauntleroy Circus', 'London', NULL, 'EC2 5NT', 'Royaume-Uni', 0.00),
	( 10290, 'COMMI', '1994-09-27', '1994-10-04', 398.00, 'Comércio Mineiro', 'Av. dos Lusíadas, 23', 'São Paulo', 'SP', '05432-043', 'Brésil', 0.00),
	( 10291, 'QUEDE', '1994-09-27', '1994-10-05', 32.00, 'Que Delícia', 'Rua da Panificadora, 12', 'Rio de Janeiro', 'RJ', '02389-673', 'Brésil', 0.00),
	( 10292, 'TRADH', '1994-09-28', '1994-10-03', 6.00, 'Tradição Hipermercados', 'Av. Inês de Castro, 414', 'São Paulo', 'SP', '05634-030', 'Brésil', 0.00),
	( 10293, 'TORTU', '1994-09-29', '1994-10-12', 105.00, 'Tortuga Restaurante', 'Avda. Azteca 123', 'México D.F.', NULL, '05033', 'Mexique', 0.00),
	( 10294, 'RATTC', '1994-09-30', '1994-10-06', 736.00, 'Rattlesnake Canyon Grocery', '2817 Milton Dr.', 'Albuquerque', 'NM', '87110', 'Etats-Unis', 0.00),
	( 10295, 'VINET', '1994-10-03', '1994-10-11', 5.00, 'Vins et alcools Chevalier', '59 rue de l''Abbaye', 'Reims', NULL, '51100', 'France', 0.00),
	( 10296, 'LILAS', '1994-10-04', '1994-10-12', 0.00, 'LILA-Supermercado', 'Carrera 52 con Ave. Bolívar #65-98 Llano Largo', 'Barquisimeto', 'Lara', '3508', 'Venezuela', 0.00),
	( 10297, 'BLONP', '1994-10-05', '1994-10-11', 28.00, 'Blondel père et fils', '24, place Kléber', 'Strasbourg', NULL, '67000', 'France', 0.00),
	( 10298, 'HUNGO', '1994-10-06', '1994-10-12', 841.00, 'Hungry Owl All-Night Grocers', '8 Johnstown Road', 'Cork', 'Co. Cork', NULL, 'Irlande', 0.00),
	( 10299, 'RICAR', '1994-10-07', '1994-10-14', 148.00, 'Ricardo Adocicados', 'Av. Copacabana, 267', 'Rio de Janeiro', 'RJ', '02389-890', 'Brésil', 0.00),
	( 10300, 'MAGAA', '1994-10-10', '1994-10-19', 88.00, 'Magazzini Alimentari Riuniti', 'Via Ludovico il Moro 22', 'Bergamo', NULL, '24100', 'Italie', 0.00),
	( 10301, 'WANDK', '1994-10-10', '1994-10-18', 225.00, 'Die Wandernde Kuh', 'Adenauerallee 900', 'Stuttgart', NULL, '70563', 'Allemagne', 0.00),
	( 10302, 'SUPRD', '1994-10-11', '1994-11-09', 31.00, 'Suprêmes délices', 'Boulevard Tirou, 255', 'Charleroi', NULL, 'B-6000', 'Belgique', 0.00),
	( 10303, 'GODOS', '1994-10-12', '1994-10-19', 539.00, 'Godos Cocina Típica', 'C/ Romero, 33', 'Sevilla', NULL, '41101', 'Espagne', 0.00),
	( 10304, 'TORTU', '1994-10-13', '1994-10-18', 318.00, 'Tortuga Restaurante', 'Avda. Azteca 123', 'México D.F.', NULL, '05033', 'Mexique', 0.00),
	( 10305, 'OLDWO', '1994-10-14', '1994-11-09', 1288.00, 'Old World Delicatessen', '2743 Bering St.', 'Anchorage', 'AK', '99508', 'Etats-Unis', 0.00),
	( 10306, 'ROMEY', '1994-10-17', '1994-10-24', 37.00, 'Romero y tomillo', 'Gran Vía, 1', 'Madrid', NULL, '28001', 'Espagne', 0.00),
	( 10307, 'LONEP', '1994-10-18', '1994-10-26', 2.00, 'Lonesome Pine Restaurant', '89 Chiaroscuro Rd.', 'Portland', 'OR', '97219', 'Etats-Unis', 0.00),
	( 10308, 'ANATR', '1994-10-19', '1994-10-25', 8.00, 'Ana Trujillo Emparedados y helados', 'Avda. de la Constitución 2222', 'México D.F.', NULL, '05021', 'Mexique', 0.00),
	( 10309, 'HUNGO', '1994-10-20', '1994-11-23', 236.00, 'Hungry Owl All-Night Grocers', '8 Johnstown Road', 'Cork', 'Co. Cork', NULL, 'Irlande', 0.00),
	( 10310, 'THEBI', '1994-10-21', '1994-10-28', 87.00, 'The Big Cheese', '89 Jefferson Way Suite 2', 'Portland', 'OR', '97201', 'Etats-Unis', 0.00),
	( 10311, 'DUMON', '1994-10-21', '1994-10-27', 123.00, 'Du monde entier', '67, rue des Cinquante Otages', 'Nantes', NULL, '44000', 'France', 0.00),
	( 10312, 'WANDK', '1994-10-24', '1994-11-03', 201.00, 'Die Wandernde Kuh', 'Adenauerallee 900', 'Stuttgart', NULL, '70563', 'Allemagne', 0.00),
	( 10313, 'QUICK', '1994-10-25', '1994-11-04', 9.00, 'QUICK-Stop', 'Taucherstraße 10', 'Cunewalde', NULL, '01307', 'Allemagne', 0.00),
	( 10314, 'RATTC', '1994-10-26', '1994-11-04', 370.00, 'Rattlesnake Canyon Grocery', '2817 Milton Dr.', 'Albuquerque', 'NM', '87110', 'Etats-Unis', 0.00),
	( 10315, 'ISLAT', '1994-10-27', '1994-11-03', 208.00, 'Island Trading', 'Garden House Crowther Way', 'Cowes', 'Isle of Wigth', 'PO31 7PJ', 'Royaume-Uni', 0.00),
	( 10316, 'RATTC', '1994-10-28', '1994-11-08', 750.00, 'Rattlesnake Canyon Grocery', '2817 Milton Dr.', 'Albuquerque', 'NM', '87110', 'Etats-Unis', 0.00),
	( 10317, 'LONEP', '1994-10-31', '1994-11-10', 63.00, 'Lonesome Pine Restaurant', '89 Chiaroscuro Rd.', 'Portland', 'OR', '97219', 'Etats-Unis', 0.00),
	( 10318, 'ISLAT', '1994-11-01', '1994-11-04', 23.00, 'Island Trading', 'Garden House Crowther Way', 'Cowes', 'Isle of Wigth', 'PO31 7PJ', 'Royaume-Uni', 0.00),
	( 10319, 'TORTU', '1994-11-02', '1994-11-11', 322.00, 'Tortuga Restaurante', 'Avda. Azteca 123', 'México D.F.', NULL, '05033', 'Mexique', 0.00),
	( 10320, 'WARTH', '1994-11-03', '1994-11-18', 172.00, 'Wartian Herkku', 'Torikatu 38', 'Oulu', NULL, '90110', 'Finlande', 0.00),
	( 10321, 'ISLAT', '1994-11-03', '1994-11-11', 17.00, 'Island Trading', 'Garden House Crowther Way', 'Cowes', 'Isle of Wigth', 'PO31 7PJ', 'Royaume-Uni', 0.00),
	( 10322, 'PERIC', '1994-11-04', '1994-11-23', 2.00, 'Pericles Comidas clásicas', 'Calle Dr. Jorge Cash 321', 'México D.F.', NULL, '05033', 'Mexique', 0.00),
	( 10323, 'KOENE', '1994-11-07', '1994-11-14', 24.00, 'Königlich Essen', 'Maubelstr. 90', 'Brandenburg', NULL, '14776', 'Allemagne', 0.00),
	( 10324, 'SAVEA', '1994-11-08', '1994-11-10', 1071.00, 'Save-a-lot Markets', '187 Suffolk Ln.', 'Boise', 'ID', '83720', 'Etats-Unis', 0.00),
	( 10325, 'KOENE', '1994-11-09', '1994-11-14', 324.00, 'Königlich Essen', 'Maubelstr. 90', 'Brandenburg', NULL, '14776', 'Allemagne', 0.00),
	( 10326, 'BOLID', '1994-11-10', '1994-11-14', 389.00, 'Bólido Comidas preparadas', 'C/ Araquil, 67', 'Madrid', NULL, '28023', 'Espagne', 0.00),
	( 10327, 'FOLKO', '1994-11-11', '1994-11-14', 316.00, 'Folk och fä HB', 'Åkergatan 24', 'Bräcke', NULL, 'S-844 67', 'Suède', 0.00),
	( 10328, 'FURIB', '1994-11-14', '1994-11-17', 435.00, 'Furia Bacalhau e Frutos do Mar', 'Jardim das rosas n. 32', 'Lisboa', NULL, '1675', 'Portugal', 0.00),
	( 10329, 'SPLIR', '1994-11-15', '1994-11-23', 958.00, 'Split Rail Beer & Ale', 'P.O. Box 555', 'Lander', 'WY', '82520', 'Etats-Unis', 0.00),
	( 10330, 'LILAS', '1994-11-16', '1994-11-28', 63.00, 'LILA-Supermercado', 'Carrera 52 con Ave. Bolívar #65-98 Llano Largo', 'Barquisimeto', 'Lara', '3508', 'Venezuela', 0.00),
	( 10331, 'BONAP', '1994-11-16', '1994-11-21', 50.00, 'Bon app''', '12, rue des Bouchers', 'Marseille', NULL, '13008', 'France', 0.00),
	( 10332, 'MEREP', '1994-11-17', '1994-11-21', 264.00, 'Mère Paillarde', '43 rue St. Laurent', 'Montréal', 'Québec', 'H1J 1C3', 'Canada', 0.00),
	( 10333, 'WARTH', '1994-11-18', '1994-11-25', 2.00, 'Wartian Herkku', 'Torikatu 38', 'Oulu', NULL, '90110', 'Finlande', 0.00),
	( 10334, 'VICTE', '1994-11-21', '1994-11-28', 42.00, 'Victuailles en stock', '2, rue du Commerce', 'Lyon', NULL, '69004', 'France', 0.00),
	( 10335, 'HUNGO', '1994-11-22', '1994-11-24', 210.00, 'Hungry Owl All-Night Grocers', '8 Johnstown Road', 'Cork', 'Co. Cork', NULL, 'Irlande', 0.00),
	( 10336, 'PRINI', '1994-11-23', '1994-11-25', 77.00, 'Princesa Isabel Vinhos', 'Estrada da saúde n. 58', 'Lisboa', NULL, '1756', 'Portugal', 0.00),
	( 10337, 'FRANK', '1994-11-24', '1994-11-29', 541.00, 'Frankenversand', 'Berliner Platz 43', 'München', NULL, '80805', 'Allemagne', 0.00),
	( 10338, 'OLDWO', '1994-11-25', '1994-11-29', 421.00, 'Old World Delicatessen', '2743 Bering St.', 'Anchorage', 'AK', '99508', 'Etats-Unis', 0.00),
	( 10339, 'MEREP', '1994-11-28', '1994-12-05', 78.00, 'Mère Paillarde', '43 rue St. Laurent', 'Montréal', 'Québec', 'H1J 1C3', 'Canada', 0.00),
	( 10340, 'BONAP', '1994-11-29', '1994-12-09', 831.00, 'Bon app''', '12, rue des Bouchers', 'Marseille', NULL, '13008', 'France', 0.00),
	( 10341, 'SIMOB', '1994-11-29', '1994-12-06', 133.00, 'Simons bistro', 'Vinbæltet 34', 'København', NULL, '1734', 'Danemark', 0.00),
	( 10342, 'FRANK', '1994-11-30', '1994-12-05', 274.00, 'Frankenversand', 'Berliner Platz 43', 'München', NULL, '80805', 'Allemagne', 0.00),
	( 10343, 'LEHMS', '1994-12-01', '1994-12-07', 551.00, 'Lehmanns Marktstand', 'Magazinweg 7', 'Frankfurt a.M.', NULL, '60528', 'Allemagne', 0.00),
	( 10344, 'WHITC', '1994-12-02', '1994-12-06', 116.00, 'White Clover Markets', '1029 - 12th Ave. S.', 'Seattle', 'WA', '98124', 'Etats-Unis', 0.00),
	( 10345, 'QUICK', '1994-12-05', '1994-12-12', 1245.00, 'QUICK-Stop', 'Taucherstraße 10', 'Cunewalde', NULL, '01307', 'Allemagne', 0.00),
	( 10346, 'RATTC', '1994-12-06', '1994-12-09', 710.00, 'Rattlesnake Canyon Grocery', '2817 Milton Dr.', 'Albuquerque', 'NM', '87110', 'Etats-Unis', 0.00),
	( 10347, 'FAMIA', '1994-12-07', '1994-12-09', 15.00, 'Familia Arquibaldo', 'Rua Orós, 92', 'São Paulo', 'SP', '05442-030', 'Brésil', 0.00),
	( 10348, 'WANDK', '1994-12-08', '1994-12-16', 3.00, 'Die Wandernde Kuh', 'Adenauerallee 900', 'Stuttgart', NULL, '70563', 'Allemagne', 0.00),
	( 10349, 'SPLIR', '1994-12-09', '1994-12-16', 43.00, 'Split Rail Beer & Ale', 'P.O. Box 555', 'Lander', 'WY', '82520', 'Etats-Unis', 0.00),
	( 10350, 'LAMAI', '1994-12-12', '1995-01-03', 320.00, 'La maison d''Asie', '1 rue Alsace-Lorraine', 'Toulouse', NULL, '31000', 'France', 0.00),
	( 10351, 'ERNSH', '1994-12-12', '1994-12-21', 811.00, 'Ernst Handel', 'Kirchgasse 6', 'Graz', NULL, '8010', 'Autriche', 0.00),
	( 10352, 'FURIB', '1994-12-13', '1994-12-19', 6.00, 'Furia Bacalhau e Frutos do Mar', 'Jardim das rosas n. 32', 'Lisboa', NULL, '1675', 'Portugal', 0.00),
	( 10353, 'PICCO', '1994-12-14', '1994-12-26', 1803.00, 'Piccolo und mehr', 'Geislweg 14', 'Salzburg', NULL, '5020', 'Autriche', 0.00),
	( 10354, 'PERIC', '1994-12-15', '1994-12-21', 269.00, 'Pericles Comidas clásicas', 'Calle Dr. Jorge Cash 321', 'México D.F.', NULL, '05033', 'Mexique', 0.00),
	( 10355, 'AROUT', '1994-12-16', '1994-12-21', 209.00, 'Around the Horn', 'Brook Farm Stratford St. Mary', 'Colchester', 'Essex', 'CO7 6JX', 'Royaume-Uni', 0.00),
	( 10356, 'WANDK', '1994-12-19', '1994-12-28', 183.00, 'Die Wandernde Kuh', 'Adenauerallee 900', 'Stuttgart', NULL, '70563', 'Allemagne', 0.00),
	( 10357, 'LILAS', '1994-12-20', '1995-01-02', 174.00, 'LILA-Supermercado', 'Carrera 52 con Ave. Bolívar #65-98 Llano Largo', 'Barquisimeto', 'Lara', '3508', 'Venezuela', 0.00),
	( 10358, 'LAMAI', '1994-12-21', '1994-12-28', 98.00, 'La maison d''Asie', '1 rue Alsace-Lorraine', 'Toulouse', NULL, '31000', 'France', 0.00),
	( 10359, 'SEVES', '1994-12-22', '1994-12-27', 1442.00, 'Seven Seas Imports', '90 Wadhurst Rd.', 'London', NULL, 'OX15 4NB', 'Royaume-Uni', 0.00),
	( 10360, 'BLONP', '1994-12-23', '1995-01-02', 658.00, 'Blondel père et fils', '24, place Kléber', 'Strasbourg', NULL, '67000', 'France', 0.00),
	( 10361, 'QUICK', '1994-12-23', '1995-01-03', 915.00, 'QUICK-Stop', 'Taucherstraße 10', 'Cunewalde', NULL, '01307', 'Allemagne', 0.00),
	( 10362, 'BONAP', '1994-12-26', '1994-12-29', 480.00, 'Bon app''', '12, rue des Bouchers', 'Marseille', NULL, '13008', 'France', 0.00),
	( 10363, 'DRACD', '1994-12-27', '1995-01-04', 152.00, 'Drachenblut Delikatessen', 'Walserweg 21', 'Aachen', NULL, '52066', 'Allemagne', 0.00),
	( 10364, 'EASTC', '1994-12-27', '1995-01-04', 359.00, 'Eastern Connection', '35 King George', 'London', NULL, 'WX3 6FW', 'Royaume-Uni', 0.00),
	( 10365, 'ANTON', '1994-12-28', '1995-01-02', 110.00, 'Antonio Moreno Taquería', 'Mataderos  2312', 'México D.F.', NULL, '05023', 'Mexique', 0.00),
	( 10366, 'GALED', '1994-12-29', '1995-01-30', 50.00, 'Galería del gastronómo', 'Rambla de Cataluña, 23', 'Barcelona', NULL, '8022', 'Espagne', 0.00),
	( 10367, 'VAFFE', '1994-12-29', '1995-01-02', 67.00, 'Vaffeljernet', 'Smagsløget 45', 'Århus', NULL, '8200', 'Danemark', 0.00),
	( 10368, 'ERNSH', '1994-12-30', '1995-01-02', 509.00, 'Ernst Handel', 'Kirchgasse 6', 'Graz', NULL, '8010', 'Autriche', 0.00),
	( 10369, 'SPLIR', '1995-01-02', '1995-01-09', 978.00, 'Split Rail Beer & Ale', 'P.O. Box 555', 'Lander', 'WY', '82520', 'Etats-Unis', 0.00),
	( 10370, 'CHOPS', '1995-01-03', '1995-01-27', 5.00, 'Chop-suey Chinese', 'Hauptstr. 31', 'Bern', NULL, '3012', 'Suisse', 0.00),
	( 10371, 'LAMAI', '1995-01-03', '1995-01-24', 2.00, 'La maison d''Asie', '1 rue Alsace-Lorraine', 'Toulouse', NULL, '31000', 'France', 0.00),
	( 10372, 'QUEEN', '1995-01-04', '1995-01-09', 4453.00, 'Queen Cozinha', 'Alameda dos Canàrios, 891', 'São Paulo', 'SP', '05487-020', 'Brésil', 0.00),
	( 10373, 'HUNGO', '1995-01-05', '1995-01-11', 620.00, 'Hungry Owl All-Night Grocers', '8 Johnstown Road', 'Cork', 'Co. Cork', NULL, 'Irlande', 0.00),
	( 10374, 'WOLZA', '1995-01-05', '1995-01-09', 19.00, 'Wolski Zajazd', 'ul. Filtrowa 68', 'Warszawa', NULL, '01-012', 'Pologne', 0.00),
	( 10375, 'HUNGC', '1995-01-06', '1995-01-09', 100.00, 'Hungry Coyote Import Store', 'City Center Plaza 516 Main St.', 'Elgin', 'OR', '97827', 'Etats-Unis', 0.00),
	( 10376, 'MEREP', '1995-01-09', '1995-01-13', 101.00, 'Mère Paillarde', '43 rue St. Laurent', 'Montréal', 'Québec', 'H1J 1C3', 'Canada', 0.00),
	( 10377, 'SEVES', '1995-01-09', '1995-01-13', 111.00, 'Seven Seas Imports', '90 Wadhurst Rd.', 'London', NULL, 'OX15 4NB', 'Royaume-Uni', 0.00),
	( 10378, 'FOLKO', '1995-01-10', '1995-01-19', 27.00, 'Folk och fä HB', 'Åkergatan 24', 'Bräcke', NULL, 'S-844 67', 'Suède', 0.00),
	( 10379, 'QUEDE', '1995-01-11', '1995-01-13', 225.00, 'Que Delícia', 'Rua da Panificadora, 12', 'Rio de Janeiro', 'RJ', '02389-673', 'Brésil', 0.00),
	( 10380, 'HUNGO', '1995-01-12', '1995-02-16', 175.00, 'Hungry Owl All-Night Grocers', '8 Johnstown Road', 'Cork', 'Co. Cork', NULL, 'Irlande', 0.00),
	( 10381, 'LILAS', '1995-01-12', '1995-01-13', 39.00, 'LILA-Supermercado', 'Carrera 52 con Ave. Bolívar #65-98 Llano Largo', 'Barquisimeto', 'Lara', '3508', 'Venezuela', 0.00),
	( 10382, 'ERNSH', '1995-01-13', '1995-01-16', 473.00, 'Ernst Handel', 'Kirchgasse 6', 'Graz', NULL, '8010', 'Autriche', 0.00),
	( 10383, 'AROUT', '1995-01-16', '1995-01-18', 171.00, 'Around the Horn', 'Brook Farm Stratford St. Mary', 'Colchester', 'Essex', 'CO7 6JX', 'Royaume-Uni', 0.00),
	( 10384, 'BERGS', '1995-01-16', '1995-01-20', 843.00, 'Berglunds snabbköp', 'Berguvsvägen  8', 'Luleå', NULL, 'S-958 22', 'Suède', 0.00),
	( 10385, 'SPLIR', '1995-01-17', '1995-01-23', 154.00, 'Split Rail Beer & Ale', 'P.O. Box 555', 'Lander', 'WY', '82520', 'Etats-Unis', 0.00),
	( 10386, 'FAMIA', '1995-01-18', '1995-01-25', 69.00, 'Familia Arquibaldo', 'Rua Orós, 92', 'São Paulo', 'SP', '05442-030', 'Brésil', 0.00),
	( 10387, 'SANTG', '1995-01-18', '1995-01-20', 468.00, 'Santé Gourmet', 'Erling Skakkes gate 78', 'Stavern', NULL, '4110', 'Norvège', 0.00),
	( 10388, 'SEVES', '1995-01-19', '1995-01-20', 174.00, 'Seven Seas Imports', '90 Wadhurst Rd.', 'London', NULL, 'OX15 4NB', 'Royaume-Uni', 0.00),
	( 10389, 'BOTTM', '1995-01-20', '1995-01-24', 237.00, 'Bottom-Dollar Markets', '23 Tsawassen Blvd.', 'Tsawassen', 'BC', 'T2F 8M4', 'Canada', 0.00),
	( 10390, 'ERNSH', '1995-01-23', '1995-01-26', 631.00, 'Ernst Handel', 'Kirchgasse 6', 'Graz', NULL, '8010', 'Autriche', 0.00),
	( 10391, 'DRACD', '1995-01-23', '1995-01-31', 27.00, 'Drachenblut Delikatessen', 'Walserweg 21', 'Aachen', NULL, '52066', 'Allemagne', 0.00),
	( 10392, 'PICCO', '1995-01-24', '1995-02-01', 612.00, 'Piccolo und mehr', 'Geislweg 14', 'Salzburg', NULL, '5020', 'Autriche', 0.00),
	( 10393, 'SAVEA', '1995-01-25', '1995-02-03', 632.00, 'Save-a-lot Markets', '187 Suffolk Ln.', 'Boise', 'ID', '83720', 'Etats-Unis', 0.00),
	( 10394, 'HUNGC', '1995-01-25', '1995-02-03', 151.00, 'Hungry Coyote Import Store', 'City Center Plaza 516 Main St.', 'Elgin', 'OR', '97827', 'Etats-Unis', 0.00),
	( 10395, 'HILAA', '1995-01-26', '1995-02-03', 922.00, 'HILARIÓN-Abastos', 'Carrera 22 con Ave. Carlos Soublette #8-35', 'San Cristóbal', 'Táchira', '5022', 'Venezuela', 0.00),
	( 10396, 'FRANK', '1995-01-27', '1995-02-06', 676.00, 'Frankenversand', 'Berliner Platz 43', 'München', NULL, '80805', 'Allemagne', 0.00),
	( 10397, 'PRINI', '1995-01-27', '1995-02-02', 301.00, 'Princesa Isabel Vinhos', 'Estrada da saúde n. 58', 'Lisboa', NULL, '1756', 'Portugal', 0.00),
	( 10398, 'SAVEA', '1995-01-30', '1995-02-09', 445.00, 'Save-a-lot Markets', '187 Suffolk Ln.', 'Boise', 'ID', '83720', 'Etats-Unis', 0.00),
	( 10399, 'VAFFE', '1995-01-31', '1995-02-08', 136.00, 'Vaffeljernet', 'Smagsløget 45', 'Århus', NULL, '8200', 'Danemark', 0.00),
	( 10400, 'EASTC', '1995-02-01', '1995-02-16', 419.00, 'Eastern Connection', '35 King George', 'London', NULL, 'WX3 6FW', 'Royaume-Uni', 0.00),
	( 10401, 'RATTC', '1995-02-01', '1995-02-10', 62.00, 'Rattlesnake Canyon Grocery', '2817 Milton Dr.', 'Albuquerque', 'NM', '87110', 'Etats-Unis', 0.00),
	( 10402, 'ERNSH', '1995-02-02', '1995-02-10', 339.00, 'Ernst Handel', 'Kirchgasse 6', 'Graz', NULL, '8010', 'Autriche', 0.00),
	( 10403, 'ERNSH', '1995-02-03', '1995-02-09', 368.00, 'Ernst Handel', 'Kirchgasse 6', 'Graz', NULL, '8010', 'Autriche', 0.00),
	( 10404, 'MAGAA', '1995-02-03', '1995-02-08', 779.00, 'Magazzini Alimentari Riuniti', 'Via Ludovico il Moro 22', 'Bergamo', NULL, '24100', 'Italie', 0.00),
	( 10405, 'LINOD', '1995-02-06', '1995-02-22', 174.00, 'LINO-Delicateses', 'Ave. 5 de Mayo Porlamar', 'I. de Margarita', 'Nueva Esparta', '4980', 'Venezuela', 0.00),
	( 10406, 'QUEEN', '1995-02-07', '1995-02-13', 540.00, 'Queen Cozinha', 'Alameda dos Canàrios, 891', 'São Paulo', 'SP', '05487-020', 'Brésil', 0.00),
	( 10407, 'OTTIK', '1995-02-07', '1995-03-02', 457.00, 'Ottilies Käseladen', 'Mehrheimerstr. 369', 'Köln', NULL, '50739', 'Allemagne', 0.00),
	( 10408, 'FOLIG', '1995-02-08', '1995-02-14', 56.00, 'Folies gourmandes', '184, chaussée de Tournai', 'Lille', NULL, '59000', 'France', 0.00),
	( 10409, 'OCEAN', '1995-02-09', '1995-02-14', 149.00, 'Océano Atlántico Ltda.', 'Ing. Gustavo Moncada 8585 Piso 20-A', 'Buenos Aires', NULL, '1010', 'Argentine', 0.00),
	( 10410, 'BOTTM', '1995-02-10', '1995-02-15', 12.00, 'Bottom-Dollar Markets', '23 Tsawassen Blvd.', 'Tsawassen', 'BC', 'T2F 8M4', 'Canada', 0.00),
	( 10411, 'BOTTM', '1995-02-10', '1995-02-21', 118.00, 'Bottom-Dollar Markets', '23 Tsawassen Blvd.', 'Tsawassen', 'BC', 'T2F 8M4', 'Canada', 0.00),
	( 10412, 'WARTH', '1995-02-13', '1995-02-15', 18.00, 'Wartian Herkku', 'Torikatu 38', 'Oulu', NULL, '90110', 'Finlande', 0.00),
	( 10413, 'LAMAI', '1995-02-14', '1995-02-16', 478.00, 'La maison d''Asie', '1 rue Alsace-Lorraine', 'Toulouse', NULL, '31000', 'France', 0.00),
	( 10414, 'FAMIA', '1995-02-14', '1995-02-17', 107.00, 'Familia Arquibaldo', 'Rua Orós, 92', 'São Paulo', 'SP', '05442-030', 'Brésil', 0.00),
	( 10415, 'HUNGC', '1995-02-15', '1995-02-24', 1.00, 'Hungry Coyote Import Store', 'City Center Plaza 516 Main St.', 'Elgin', 'OR', '97827', 'Etats-Unis', 0.00),
	( 10416, 'WARTH', '1995-02-16', '1995-02-27', 113.00, 'Wartian Herkku', 'Torikatu 38', 'Oulu', NULL, '90110', 'Finlande', 0.00),
	( 10417, 'SIMOB', '1995-02-16', '1995-02-28', 351.00, 'Simons bistro', 'Vinbæltet 34', 'København', NULL, '1734', 'Danemark', 0.00),
	( 10418, 'QUICK', '1995-02-17', '1995-02-24', 87.00, 'QUICK-Stop', 'Taucherstraße 10', 'Cunewalde', NULL, '01307', 'Allemagne', 0.00),
	( 10419, 'RICSU', '1995-02-20', '1995-03-02', 686.00, 'Richter Supermarkt', 'Starenweg 5', 'Genève', NULL, '1204', 'Suisse', 0.00),
	( 10420, 'WELLI', '1995-02-21', '1995-02-27', 220.00, 'Wellington Importadora', 'Rua do Mercado, 12', 'Resende', 'SP', '08737-363', 'Brésil', 0.00),
	( 10421, 'QUEDE', '1995-02-21', '1995-02-27', 496.00, 'Que Delícia', 'Rua da Panificadora, 12', 'Rio de Janeiro', 'RJ', '02389-673', 'Brésil', 0.00),
	( 10422, 'FRANS', '1995-02-22', '1995-03-03', 15.00, 'Franchi S.p.A.', 'Via Monte Bianco 34', 'Torino', NULL, '10100', 'Italie', 0.00),
	( 10423, 'GOURL', '1995-02-23', '1995-03-27', 122.00, 'Gourmet Lanchonetes', 'Av. Brasil, 442', 'Campinas', 'SP', '04876-786', 'Brésil', 0.00),
	( 10424, 'MEREP', '1995-02-23', '1995-02-27', 1853.00, 'Mère Paillarde', '43 rue St. Laurent', 'Montréal', 'Québec', 'H1J 1C3', 'Canada', 0.00),
	( 10425, 'LAMAI', '1995-02-24', '1995-03-17', 39.00, 'La maison d''Asie', '1 rue Alsace-Lorraine', 'Toulouse', NULL, '31000', 'France', 0.00),
	( 10426, 'GALED', '1995-02-27', '1995-03-09', 93.00, 'Galería del gastronómo', 'Rambla de Cataluña, 23', 'Barcelona', NULL, '8022', 'Espagne', 0.00),
	( 10427, 'PICCO', '1995-02-27', '1995-04-03', 156.00, 'Piccolo und mehr', 'Geislweg 14', 'Salzburg', NULL, '5020', 'Autriche', 0.00),
	( 10428, 'REGGC', '1995-02-28', '1995-03-07', 55.00, 'Reggiani Caseifici', 'Strada Provinciale 124', 'Reggio Emilia', NULL, '42100', 'Italie', 0.00),
	( 10429, 'HUNGO', '1995-03-01', '1995-03-10', 283.00, 'Hungry Owl All-Night Grocers', '8 Johnstown Road', 'Cork', 'Co. Cork', NULL, 'Irlande', 0.00),
	( 10430, 'ERNSH', '1995-03-02', '1995-03-06', 2293.00, 'Ernst Handel', 'Kirchgasse 6', 'Graz', NULL, '8010', 'Autriche', 0.00),
	( 10431, 'BOTTM', '1995-03-02', '1995-03-10', 220.00, 'Bottom-Dollar Markets', '23 Tsawassen Blvd.', 'Tsawassen', 'BC', 'T2F 8M4', 'Canada', 0.00),
	( 10432, 'SPLIR', '1995-03-03', '1995-03-10', 21.00, 'Split Rail Beer & Ale', 'P.O. Box 555', 'Lander', 'WY', '82520', 'Etats-Unis', 0.00),
	( 10433, 'PRINI', '1995-03-06', '1995-04-04', 369.00, 'Princesa Isabel Vinhos', 'Estrada da saúde n. 58', 'Lisboa', NULL, '1756', 'Portugal', 0.00),
	( 10434, 'FOLKO', '1995-03-06', '1995-03-16', 89.00, 'Folk och fä HB', 'Åkergatan 24', 'Bräcke', NULL, 'S-844 67', 'Suède', 0.00),
	( 10435, 'CONSH', '1995-03-07', '1995-03-10', 46.00, 'Consolidated Holdings', 'Berkeley Gardens 12  Brewery', 'London', NULL, 'WX1 6LT', 'Royaume-Uni', 0.00),
	( 10436, 'BLONP', '1995-03-08', '1995-03-14', 783.00, 'Blondel père et fils', '24, place Kléber', 'Strasbourg', NULL, '67000', 'France', 0.00),
	( 10437, 'WARTH', '1995-03-08', '1995-03-15', 99.00, 'Wartian Herkku', 'Torikatu 38', 'Oulu', NULL, '90110', 'Finlande', 0.00),
	( 10438, 'TOMSP', '1995-03-09', '1995-03-17', 41.00, 'Toms Spezialitäten', 'Luisenstr. 48', 'Münster', NULL, '44087', 'Allemagne', 0.00),
	( 10439, 'MEREP', '1995-03-10', '1995-03-13', 20.00, 'Mère Paillarde', '43 rue St. Laurent', 'Montréal', 'Québec', 'H1J 1C3', 'Canada', 0.00),
	( 10440, 'SAVEA', '1995-03-13', '1995-03-31', 432.00, 'Save-a-lot Markets', '187 Suffolk Ln.', 'Boise', 'ID', '83720', 'Etats-Unis', 0.00),
	( 10441, 'OLDWO', '1995-03-13', '1995-04-14', 365.00, 'Old World Delicatessen', '2743 Bering St.', 'Anchorage', 'AK', '99508', 'Etats-Unis', 0.00),
	( 10442, 'ERNSH', '1995-03-14', '1995-03-21', 239.00, 'Ernst Handel', 'Kirchgasse 6', 'Graz', NULL, '8010', 'Autriche', 0.00),
	( 10443, 'REGGC', '1995-03-15', '1995-03-17', 69.00, 'Reggiani Caseifici', 'Strada Provinciale 124', 'Reggio Emilia', NULL, '42100', 'Italie', 0.00),
	( 10444, 'BERGS', '1995-03-15', '1995-03-24', 17.00, 'Berglunds snabbköp', 'Berguvsvägen  8', 'Luleå', NULL, 'S-958 22', 'Suède', 0.00),
	( 10445, 'BERGS', '1995-03-16', '1995-03-23', 46.00, 'Berglunds snabbköp', 'Berguvsvägen  8', 'Luleå', NULL, 'S-958 22', 'Suède', 0.00),
	( 10446, 'TOMSP', '1995-03-17', '1995-03-22', 73.00, 'Toms Spezialitäten', 'Luisenstr. 48', 'Münster', NULL, '44087', 'Allemagne', 0.00),
	( 10447, 'RICAR', '1995-03-17', '1995-04-07', 343.00, 'Ricardo Adocicados', 'Av. Copacabana, 267', 'Rio de Janeiro', 'RJ', '02389-890', 'Brésil', 0.00),
	( 10448, 'RANCH', '1995-03-20', '1995-03-27', 194.00, 'Rancho grande', 'Av. del Libertador 900', 'Buenos Aires', NULL, '1010', 'Argentine', 0.00),
	( 10449, 'BLONP', '1995-03-21', '1995-03-30', 266.00, 'Blondel père et fils', '24, place Kléber', 'Strasbourg', NULL, '67000', 'France', 0.00),
	( 10450, 'VICTE', '1995-03-22', '1995-04-11', 36.00, 'Victuailles en stock', '2, rue du Commerce', 'Lyon', NULL, '69004', 'France', 0.00),
	( 10451, 'QUICK', '1995-03-22', '1995-04-12', 945.00, 'QUICK-Stop', 'Taucherstraße 10', 'Cunewalde', NULL, '01307', 'Allemagne', 0.00),
	( 10452, 'SAVEA', '1995-03-23', '1995-03-29', 701.00, 'Save-a-lot Markets', '187 Suffolk Ln.', 'Boise', 'ID', '83720', 'Etats-Unis', 0.00),
	( 10453, 'AROUT', '1995-03-24', '1995-03-29', 126.00, 'Around the Horn', 'Brook Farm Stratford St. Mary', 'Colchester', 'Essex', 'CO7 6JX', 'Royaume-Uni', 0.00),
	( 10454, 'LAMAI', '1995-03-24', '1995-03-28', 13.00, 'La maison d''Asie', '1 rue Alsace-Lorraine', 'Toulouse', NULL, '31000', 'France', 0.00),
	( 10455, 'WARTH', '1995-03-27', '1995-04-03', 902.00, 'Wartian Herkku', 'Torikatu 38', 'Oulu', NULL, '90110', 'Finlande', 0.00),
	( 10456, 'KOENE', '1995-03-28', '1995-03-31', 40.00, 'Königlich Essen', 'Maubelstr. 90', 'Brandenburg', NULL, '14776', 'Allemagne', 0.00),
	( 10457, 'KOENE', '1995-03-28', '1995-04-03', 57.00, 'Königlich Essen', 'Maubelstr. 90', 'Brandenburg', NULL, '14776', 'Allemagne', 0.00),
	( 10458, 'SUPRD', '1995-03-29', '1995-04-04', 735.00, 'Suprêmes délices', 'Boulevard Tirou, 255', 'Charleroi', NULL, 'B-6000', 'Belgique', 0.00),
	( 10459, 'VICTE', '1995-03-30', '1995-03-31', 125.00, 'Victuailles en stock', '2, rue du Commerce', 'Lyon', NULL, '69004', 'France', 0.00),
	( 10460, 'FOLKO', '1995-03-31', '1995-04-03', 81.00, 'Folk och fä HB', 'Åkergatan 24', 'Bräcke', NULL, 'S-844 67', 'Suède', 0.00),
	( 10461, 'LILAS', '1995-03-31', '1995-04-05', 743.00, 'LILA-Supermercado', 'Carrera 52 con Ave. Bolívar #65-98 Llano Largo', 'Barquisimeto', 'Lara', '3508', 'Venezuela', 0.00),
	( 10462, 'CONSH', '1995-04-03', '1995-04-18', 30.00, 'Consolidated Holdings', 'Berkeley Gardens 12  Brewery', 'London', NULL, 'WX1 6LT', 'Royaume-Uni', 0.00),
	( 10463, 'SUPRD', '1995-04-04', '1995-04-06', 73.00, 'Suprêmes délices', 'Boulevard Tirou, 255', 'Charleroi', NULL, 'B-6000', 'Belgique', 0.00),
	( 10464, 'FURIB', '1995-04-04', '1995-04-14', 445.00, 'Furia Bacalhau e Frutos do Mar', 'Jardim das rosas n. 32', 'Lisboa', NULL, '1675', 'Portugal', 0.00),
	( 10465, 'VAFFE', '1995-04-05', '1995-04-14', 725.00, 'Vaffeljernet', 'Smagsløget 45', 'Århus', NULL, '8200', 'Danemark', 0.00),
	( 10466, 'COMMI', '1995-04-06', '1995-04-13', 59.00, 'Comércio Mineiro', 'Av. dos Lusíadas, 23', 'São Paulo', 'SP', '05432-043', 'Brésil', 0.00),
	( 10467, 'MAGAA', '1995-04-06', '1995-04-11', 24.00, 'Magazzini Alimentari Riuniti', 'Via Ludovico il Moro 22', 'Bergamo', NULL, '24100', 'Italie', 0.00),
	( 10468, 'KOENE', '1995-04-07', '1995-04-12', 220.00, 'Königlich Essen', 'Maubelstr. 90', 'Brandenburg', NULL, '14776', 'Allemagne', 0.00),
	( 10469, 'WHITC', '1995-04-10', '1995-04-14', 300.00, 'White Clover Markets', '1029 - 12th Ave. S.', 'Seattle', 'WA', '98124', 'Etats-Unis', 0.00),
	( 10470, 'BONAP', '1995-04-11', '1995-04-14', 322.00, 'Bon app''', '12, rue des Bouchers', 'Marseille', NULL, '13008', 'France', 0.00),
	( 10471, 'BSBEV', '1995-04-11', '1995-04-18', 227.00, 'B''s Beverages', 'Fauntleroy Circus', 'London', NULL, 'EC2 5NT', 'Royaume-Uni', 0.00),
	( 10472, 'SEVES', '1995-04-12', '1995-04-19', 21.00, 'Seven Seas Imports', '90 Wadhurst Rd.', 'London', NULL, 'OX15 4NB', 'Royaume-Uni', 0.00),
	( 10473, 'ISLAT', '1995-04-13', '1995-04-21', 81.00, 'Island Trading', 'Garden House Crowther Way', 'Cowes', 'Isle of Wigth', 'PO31 7PJ', 'Royaume-Uni', 0.00),
	( 10474, 'PERIC', '1995-04-13', '1995-04-21', 417.00, 'Pericles Comidas clásicas', 'Calle Dr. Jorge Cash 321', 'México D.F.', NULL, '05033', 'Mexique', 0.00),
	( 10475, 'SUPRD', '1995-04-14', '1995-05-05', 342.00, 'Suprêmes délices', 'Boulevard Tirou, 255', 'Charleroi', NULL, 'B-6000', 'Belgique', 0.00),
	( 10476, 'HILAA', '1995-04-17', '1995-04-24', 22.00, 'HILARIÓN-Abastos', 'Carrera 22 con Ave. Carlos Soublette #8-35', 'San Cristóbal', 'Táchira', '5022', 'Venezuela', 0.00),
	( 10477, 'PRINI', '1995-04-17', '1995-04-25', 65.00, 'Princesa Isabel Vinhos', 'Estrada da saúde n. 58', 'Lisboa', NULL, '1756', 'Portugal', 0.00),
	( 10478, 'VICTE', '1995-04-18', '1995-04-26', 24.00, 'Victuailles en stock', '2, rue du Commerce', 'Lyon', NULL, '69004', 'France', 0.00),
	( 10479, 'RATTC', '1995-04-19', '1995-04-21', 3544.00, 'Rattlesnake Canyon Grocery', '2817 Milton Dr.', 'Albuquerque', 'NM', '87110', 'Etats-Unis', 0.00),
	( 10480, 'FOLIG', '1995-04-20', '1995-04-24', 6.00, 'Folies gourmandes', '184, chaussée de Tournai', 'Lille', NULL, '59000', 'France', 0.00),
	( 10481, 'RICAR', '1995-04-20', '1995-04-25', 321.00, 'Ricardo Adocicados', 'Av. Copacabana, 267', 'Rio de Janeiro', 'RJ', '02389-890', 'Brésil', 0.00),
	( 10482, 'LAZYK', '1995-04-21', '1995-05-11', 37.00, 'Lazy K Kountry Store', '12 Orchestra Terrace', 'Walla Walla', 'WA', '99362', 'Etats-Unis', 0.00),
	( 10483, 'WHITC', '1995-04-24', '1995-05-26', 76.00, 'White Clover Markets', '1029 - 12th Ave. S.', 'Seattle', 'WA', '98124', 'Etats-Unis', 0.00),
	( 10484, 'BSBEV', '1995-04-24', '1995-05-02', 34.00, 'B''s Beverages', 'Fauntleroy Circus', 'London', NULL, 'EC2 5NT', 'Royaume-Uni', 0.00),
	( 10485, 'LINOD', '1995-04-25', '1995-05-01', 322.00, 'LINO-Delicateses', 'Ave. 5 de Mayo Porlamar', 'I. de Margarita', 'Nueva Esparta', '4980', 'Venezuela', 0.00),
	( 10486, 'HILAA', '1995-04-26', '1995-05-03', 152.00, 'HILARIÓN-Abastos', 'Carrera 22 con Ave. Carlos Soublette #8-35', 'San Cristóbal', 'Táchira', '5022', 'Venezuela', 0.00),
	( 10487, 'QUEEN', '1995-04-26', '1995-04-28', 355.00, 'Queen Cozinha', 'Alameda dos Canàrios, 891', 'São Paulo', 'SP', '05487-020', 'Brésil', 0.00),
	( 10488, 'FRANK', '1995-04-27', '1995-05-03', 24.00, 'Frankenversand', 'Berliner Platz 43', 'München', NULL, '80805', 'Allemagne', 0.00),
	( 10489, 'PICCO', '1995-04-28', '1995-05-10', 26.00, 'Piccolo und mehr', 'Geislweg 14', 'Salzburg', NULL, '5020', 'Autriche', 0.00),
	( 10490, 'HILAA', '1995-05-01', '1995-05-04', 1050.00, 'HILARIÓN-Abastos', 'Carrera 22 con Ave. Carlos Soublette #8-35', 'San Cristóbal', 'Táchira', '5022', 'Venezuela', 0.00),
	( 10491, 'FURIB', '1995-05-01', '1995-05-09', 84.00, 'Furia Bacalhau e Frutos do Mar', 'Jardim das rosas n. 32', 'Lisboa', NULL, '1675', 'Portugal', 0.00),
	( 10492, 'BOTTM', '1995-05-02', '1995-05-12', 314.00, 'Bottom-Dollar Markets', '23 Tsawassen Blvd.', 'Tsawassen', 'BC', 'T2F 8M4', 'Canada', 0.00),
	( 10493, 'LAMAI', '1995-05-03', '1995-05-11', 53.00, 'La maison d''Asie', '1 rue Alsace-Lorraine', 'Toulouse', NULL, '31000', 'France', 0.00),
	( 10494, 'COMMI', '1995-05-03', '1995-05-10', 329.00, 'Comércio Mineiro', 'Av. dos Lusíadas, 23', 'São Paulo', 'SP', '05432-043', 'Brésil', 0.00),
	( 10495, 'LAUGB', '1995-05-04', '1995-05-12', 23.00, 'Laughing Bacchus Wine Cellars', '2319 Elm St.', 'Vancouver', 'BC', 'V3F 2K1', 'Canada', 0.00),
	( 10496, 'TRADH', '1995-05-05', '1995-05-08', 233.00, 'Tradição Hipermercados', 'Av. Inês de Castro, 414', 'São Paulo', 'SP', '05634-030', 'Brésil', 0.00),
	( 10497, 'LEHMS', '1995-05-05', '1995-05-08', 181.00, 'Lehmanns Marktstand', 'Magazinweg 7', 'Frankfurt a.M.', NULL, '60528', 'Allemagne', 0.00),
	( 10498, 'HILAA', '1995-05-08', '1995-05-12', 148.00, 'HILARIÓN-Abastos', 'Carrera 22 con Ave. Carlos Soublette #8-35', 'San Cristóbal', 'Táchira', '5022', 'Venezuela', 0.00),
	( 10499, 'LILAS', '1995-05-09', '1995-05-17', 510.00, 'LILA-Supermercado', 'Carrera 52 con Ave. Bolívar #65-98 Llano Largo', 'Barquisimeto', 'Lara', '3508', 'Venezuela', 0.00),
	( 10500, 'LAMAI', '1995-05-10', '1995-05-18', 213.00, 'La maison d''Asie', '1 rue Alsace-Lorraine', 'Toulouse', NULL, '31000', 'France', 0.00),
	( 10501, 'BLAUS', '1995-05-10', '1995-05-17', 44.00, 'Blauer See Delikatessen', 'Forsterstr. 57', 'Mannheim', NULL, '68306', 'Allemagne', 0.00),
	( 10502, 'PERIC', '1995-05-11', '1995-05-30', 346.00, 'Pericles Comidas clásicas', 'Calle Dr. Jorge Cash 321', 'México D.F.', NULL, '05033', 'Mexique', 0.00),
	( 10503, 'HUNGO', '1995-05-12', '1995-05-17', 83.00, 'Hungry Owl All-Night Grocers', '8 Johnstown Road', 'Cork', 'Co. Cork', NULL, 'Irlande', 0.00),
	( 10504, 'WHITC', '1995-05-12', '1995-05-19', 295.00, 'White Clover Markets', '1029 - 12th Ave. S.', 'Seattle', 'WA', '98124', 'Etats-Unis', 0.00),
	( 10505, 'MEREP', '1995-05-15', '1995-05-22', 35.00, 'Mère Paillarde', '43 rue St. Laurent', 'Montréal', 'Québec', 'H1J 1C3', 'Canada', 0.00),
	( 10506, 'KOENE', '1995-05-16', '1995-06-02', 105.00, 'Königlich Essen', 'Maubelstr. 90', 'Brandenburg', NULL, '14776', 'Allemagne', 0.00),
	( 10507, 'ANTON', '1995-05-16', '1995-05-23', 237.00, 'Antonio Moreno Taquería', 'Mataderos  2312', 'México D.F.', NULL, '05023', 'Mexique', 0.00),
	( 10508, 'OTTIK', '1995-05-17', '1995-06-13', 24.00, 'Ottilies Käseladen', 'Mehrheimerstr. 369', 'Köln', NULL, '50739', 'Allemagne', 0.00),
	( 10509, 'BLAUS', '1995-05-18', '1995-05-30', 0.00, 'Blauer See Delikatessen', 'Forsterstr. 57', 'Mannheim', NULL, '68306', 'Allemagne', 0.00),
	( 10510, 'SAVEA', '1995-05-19', '1995-05-29', 1838.00, 'Save-a-lot Markets', '187 Suffolk Ln.', 'Boise', 'ID', '83720', 'Etats-Unis', 0.00),
	( 10511, 'BONAP', '1995-05-19', '1995-05-22', 1753.00, 'Bon app''', '12, rue des Bouchers', 'Marseille', NULL, '13008', 'France', 0.00),
	( 10512, 'FAMIA', '1995-05-22', '1995-05-25', 17.00, 'Familia Arquibaldo', 'Rua Orós, 92', 'São Paulo', 'SP', '05442-030', 'Brésil', 0.00),
	( 10513, 'WANDK', '1995-05-23', '1995-05-29', 528.00, 'Die Wandernde Kuh', 'Adenauerallee 900', 'Stuttgart', NULL, '70563', 'Allemagne', 0.00),
	( 10514, 'ERNSH', '1995-05-23', '1995-06-16', 3949.00, 'Ernst Handel', 'Kirchgasse 6', 'Graz', NULL, '8010', 'Autriche', 0.00),
	( 10515, 'QUICK', '1995-05-24', '1995-06-23', 1022.00, 'QUICK-Stop', 'Taucherstraße 10', 'Cunewalde', NULL, '01307', 'Allemagne', 0.00),
	( 10516, 'HUNGO', '1995-05-25', '1995-06-01', 313.00, 'Hungry Owl All-Night Grocers', '8 Johnstown Road', 'Cork', 'Co. Cork', NULL, 'Irlande', 0.00),
	( 10517, 'NORTS', '1995-05-25', '1995-05-30', 160.00, 'North/South', 'South House 300 Queensbridge', 'London', NULL, 'SW7 1RZ', 'Royaume-Uni', 0.00),
	( 10518, 'TORTU', '1995-05-26', '1995-06-05', 1090.00, 'Tortuga Restaurante', 'Avda. Azteca 123', 'México D.F.', NULL, '05033', 'Mexique', 0.00),
	( 10519, 'CHOPS', '1995-05-29', '1995-06-01', 458.00, 'Chop-suey Chinese', 'Hauptstr. 31', 'Bern', NULL, '3012', 'Suisse', 0.00),
	( 10520, 'SANTG', '1995-05-30', '1995-06-01', 66.00, 'Santé Gourmet', 'Erling Skakkes gate 78', 'Stavern', NULL, '4110', 'Norvège', 0.00),
	( 10521, 'CACTU', '1995-05-30', '1995-06-02', 86.00, 'Cactus Comidas para llevar', 'Cerrito 333', 'Buenos Aires', NULL, '1010', 'Argentine', 0.00),
	( 10522, 'LEHMS', '1995-05-31', '1995-06-06', 226.00, 'Lehmanns Marktstand', 'Magazinweg 7', 'Frankfurt a.M.', NULL, '60528', 'Allemagne', 0.00),
	( 10523, 'SEVES', '1995-06-01', '1995-06-30', 388.00, 'Seven Seas Imports', '90 Wadhurst Rd.', 'London', NULL, 'OX15 4NB', 'Royaume-Uni', 0.00),
	( 10524, 'BERGS', '1995-06-01', '1995-06-07', 1223.00, 'Berglunds snabbköp', 'Berguvsvägen  8', 'Luleå', NULL, 'S-958 22', 'Suède', 0.00),
	( 10525, 'BONAP', '1995-06-02', '1995-06-23', 55.00, 'Bon app''', '12, rue des Bouchers', 'Marseille', NULL, '13008', 'France', 0.00),
	( 10526, 'WARTH', '1995-06-05', '1995-06-15', 292.00, 'Wartian Herkku', 'Torikatu 38', 'Oulu', NULL, '90110', 'Finlande', 0.00),
	( 10527, 'QUICK', '1995-06-05', '1995-06-07', 209.00, 'QUICK-Stop', 'Taucherstraße 10', 'Cunewalde', NULL, '01307', 'Allemagne', 0.00),
	( 10528, 'GREAL', '1995-06-06', '1995-06-09', 16.00, 'Great Lakes Food Market', '2732 Baker Blvd.', 'Eugene', 'OR', '97403', 'Etats-Unis', 0.00),
	( 10529, 'MAISD', '1995-06-07', '1995-06-09', 333.00, 'Maison Dewey', 'Rue Joseph-Bens 532', 'Bruxelles', NULL, 'B-1180', 'Belgique', 0.00),
	( 10530, 'PICCO', '1995-06-08', '1995-06-12', 1696.00, 'Piccolo und mehr', 'Geislweg 14', 'Salzburg', NULL, '5020', 'Autriche', 0.00),
	( 10531, 'OCEAN', '1995-06-08', '1995-06-19', 40.00, 'Océano Atlántico Ltda.', 'Ing. Gustavo Moncada 8585 Piso 20-A', 'Buenos Aires', NULL, '1010', 'Argentine', 0.00),
	( 10532, 'EASTC', '1995-06-09', '1995-06-12', 372.00, 'Eastern Connection', '35 King George', 'London', NULL, 'WX3 6FW', 'Royaume-Uni', 0.00),
	( 10533, 'FOLKO', '1995-06-12', '1995-06-22', 940.00, 'Folk och fä HB', 'Åkergatan 24', 'Bräcke', NULL, 'S-844 67', 'Suède', 0.00),
	( 10534, 'LEHMS', '1995-06-12', '1995-06-14', 139.00, 'Lehmanns Marktstand', 'Magazinweg 7', 'Frankfurt a.M.', NULL, '60528', 'Allemagne', 0.00),
	( 10535, 'ANTON', '1995-06-13', '1995-06-21', 78.00, 'Antonio Moreno Taquería', 'Mataderos  2312', 'México D.F.', NULL, '05023', 'Mexique', 0.00),
	( 10536, 'LEHMS', '1995-06-14', '1995-07-07', 294.00, 'Lehmanns Marktstand', 'Magazinweg 7', 'Frankfurt a.M.', NULL, '60528', 'Allemagne', 0.00),
	( 10537, 'RICSU', '1995-06-14', '1995-06-19', 394.00, 'Richter Supermarkt', 'Starenweg 5', 'Genève', NULL, '1204', 'Suisse', 0.00),
	( 10538, 'BSBEV', '1995-06-15', '1995-06-16', 24.00, 'B''s Beverages', 'Fauntleroy Circus', 'London', NULL, 'EC2 5NT', 'Royaume-Uni', 0.00),
	( 10539, 'BSBEV', '1995-06-16', '1995-06-23', 61.00, 'B''s Beverages', 'Fauntleroy Circus', 'London', NULL, 'EC2 5NT', 'Royaume-Uni', 0.00),
	( 10540, 'QUICK', '1995-06-19', '1995-07-14', 5038.00, 'QUICK-Stop', 'Taucherstraße 10', 'Cunewalde', NULL, '01307', 'Allemagne', 0.00),
	( 10541, 'HANAR', '1995-06-19', '1995-06-29', 343.00, 'Hanari Carnes', 'Rua do Paço, 67', 'Rio de Janeiro', 'RJ', '05454-876', 'Brésil', 0.00),
	( 10542, 'KOENE', '1995-06-20', '1995-06-26', 54.00, 'Königlich Essen', 'Maubelstr. 90', 'Brandenburg', NULL, '14776', 'Allemagne', 0.00),
	( 10543, 'LILAS', '1995-06-21', '1995-06-23', 240.00, 'LILA-Supermercado', 'Carrera 52 con Ave. Bolívar #65-98 Llano Largo', 'Barquisimeto', 'Lara', '3508', 'Venezuela', 0.00),
	( 10544, 'LONEP', '1995-06-21', '1995-06-30', 124.00, 'Lonesome Pine Restaurant', '89 Chiaroscuro Rd.', 'Portland', 'OR', '97219', 'Etats-Unis', 0.00),
	( 10545, 'LAZYK', '1995-06-22', '1995-07-27', 59.00, 'Lazy K Kountry Store', '12 Orchestra Terrace', 'Walla Walla', 'WA', '99362', 'Etats-Unis', 0.00),
	( 10546, 'VICTE', '1995-06-23', '1995-06-27', 973.00, 'Victuailles en stock', '2, rue du Commerce', 'Lyon', NULL, '69004', 'France', 0.00),
	( 10547, 'SEVES', '1995-06-23', '1995-07-03', 892.00, 'Seven Seas Imports', '90 Wadhurst Rd.', 'London', NULL, 'OX15 4NB', 'Royaume-Uni', 0.00),
	( 10548, 'TOMSP', '1995-06-26', '1995-07-03', 7.00, 'Toms Spezialitäten', 'Luisenstr. 48', 'Münster', NULL, '44087', 'Allemagne', 0.00),
	( 10549, 'QUICK', '1995-06-27', '1995-06-30', 856.00, 'QUICK-Stop', 'Taucherstraße 10', 'Cunewalde', NULL, '01307', 'Allemagne', 0.00),
	( 10550, 'GODOS', '1995-06-28', '1995-07-07', 21.00, 'Godos Cocina Típica', 'C/ Romero, 33', 'Sevilla', NULL, '41101', 'Espagne', 0.00),
	( 10551, 'FURIB', '1995-06-28', '1995-07-07', 364.00, 'Furia Bacalhau e Frutos do Mar', 'Jardim das rosas n. 32', 'Lisboa', NULL, '1675', 'Portugal', 0.00),
	( 10552, 'HILAA', '1995-06-29', '1995-07-06', 416.00, 'HILARIÓN-Abastos', 'Carrera 22 con Ave. Carlos Soublette #8-35', 'San Cristóbal', 'Táchira', '5022', 'Venezuela', 0.00),
	( 10553, 'WARTH', '1995-06-30', '1995-07-04', 747.00, 'Wartian Herkku', 'Torikatu 38', 'Oulu', NULL, '90110', 'Finlande', 0.00),
	( 10554, 'OTTIK', '1995-06-30', '1995-07-06', 604.00, 'Ottilies Käseladen', 'Mehrheimerstr. 369', 'Köln', NULL, '50739', 'Allemagne', 0.00),
	( 10555, 'SAVEA', '1995-07-03', '1995-07-05', 1262.00, 'Save-a-lot Markets', '187 Suffolk Ln.', 'Boise', 'ID', '83720', 'Etats-Unis', 0.00),
	( 10556, 'SIMOB', '1995-07-04', '1995-07-14', 49.00, 'Simons bistro', 'Vinbæltet 34', 'København', NULL, '1734', 'Danemark', 0.00),
	( 10557, 'LEHMS', '1995-07-04', '1995-07-07', 483.00, 'Lehmanns Marktstand', 'Magazinweg 7', 'Frankfurt a.M.', NULL, '60528', 'Allemagne', 0.00),
	( 10558, 'AROUT', '1995-07-05', '1995-07-11', 364.00, 'Around the Horn', 'Brook Farm Stratford St. Mary', 'Colchester', 'Essex', 'CO7 6JX', 'Royaume-Uni', 0.00),
	( 10559, 'BLONP', '1995-07-06', '1995-07-14', 40.00, 'Blondel père et fils', '24, place Kléber', 'Strasbourg', NULL, '67000', 'France', 0.00),
	( 10560, 'FRANK', '1995-07-07', '1995-07-10', 183.00, 'Frankenversand', 'Berliner Platz 43', 'München', NULL, '80805', 'Allemagne', 0.00),
	( 10561, 'FOLKO', '1995-07-07', '1995-07-10', 1211.00, 'Folk och fä HB', 'Åkergatan 24', 'Bräcke', NULL, 'S-844 67', 'Suède', 0.00),
	( 10562, 'REGGC', '1995-07-10', '1995-07-13', 114.00, 'Reggiani Caseifici', 'Strada Provinciale 124', 'Reggio Emilia', NULL, '42100', 'Italie', 0.00),
	( 10563, 'RICAR', '1995-07-11', '1995-07-25', 302.00, 'Ricardo Adocicados', 'Av. Copacabana, 267', 'Rio de Janeiro', 'RJ', '02389-890', 'Brésil', 0.00),
	( 10564, 'RATTC', '1995-07-11', '1995-07-17', 68.00, 'Rattlesnake Canyon Grocery', '2817 Milton Dr.', 'Albuquerque', 'NM', '87110', 'Etats-Unis', 0.00),
	( 10565, 'MEREP', '1995-07-12', '1995-07-19', 35.00, 'Mère Paillarde', '43 rue St. Laurent', 'Montréal', 'Québec', 'H1J 1C3', 'Canada', 0.00),
	( 10566, 'BLONP', '1995-07-13', '1995-07-19', 442.00, 'Blondel père et fils', '24, place Kléber', 'Strasbourg', NULL, '67000', 'France', 0.00),
	( 10567, 'HUNGO', '1995-07-13', '1995-07-18', 169.00, 'Hungry Owl All-Night Grocers', '8 Johnstown Road', 'Cork', 'Co. Cork', NULL, 'Irlande', 0.00),
	( 10568, 'GALED', '1995-07-14', '1995-08-09', 32.00, 'Galería del gastronómo', 'Rambla de Cataluña, 23', 'Barcelona', NULL, '8022', 'Espagne', 0.00),
	( 10569, 'RATTC', '1995-07-17', '1995-08-11', 294.00, 'Rattlesnake Canyon Grocery', '2817 Milton Dr.', 'Albuquerque', 'NM', '87110', 'Etats-Unis', 0.00),
	( 10570, 'MEREP', '1995-07-18', '1995-07-20', 944.00, 'Mère Paillarde', '43 rue St. Laurent', 'Montréal', 'Québec', 'H1J 1C3', 'Canada', 0.00),
	( 10571, 'ERNSH', '1995-07-18', '1995-08-04', 130.00, 'Ernst Handel', 'Kirchgasse 6', 'Graz', NULL, '8010', 'Autriche', 0.00),
	( 10572, 'BERGS', '1995-07-19', '1995-07-26', 582.00, 'Berglunds snabbköp', 'Berguvsvägen  8', 'Luleå', NULL, 'S-958 22', 'Suède', 0.00),
	( 10573, 'ANTON', '1995-07-20', '1995-07-21', 424.00, 'Antonio Moreno Taquería', 'Mataderos  2312', 'México D.F.', NULL, '05023', 'Mexique', 0.00),
	( 10574, 'TRAIH', '1995-07-20', '1995-07-31', 188.00, 'Trail''s Head Gourmet Provisioners', '722 DaVinci Blvd.', 'Kirkland', 'WA', '98034', 'Etats-Unis', 0.00),
	( 10575, 'MORGK', '1995-07-21', '1995-07-31', 636.00, 'Morgenstern Gesundkost', 'Heerstr. 22', 'Leipzig', NULL, '04179', 'Allemagne', 0.00),
	( 10576, 'TORTU', '1995-07-24', '1995-07-31', 92.00, 'Tortuga Restaurante', 'Avda. Azteca 123', 'México D.F.', NULL, '05033', 'Mexique', 0.00),
	( 10577, 'TRAIH', '1995-07-24', '1995-07-31', 127.00, 'Trail''s Head Gourmet Provisioners', '722 DaVinci Blvd.', 'Kirkland', 'WA', '98034', 'Etats-Unis', 0.00),
	( 10578, 'BSBEV', '1995-07-25', '1995-08-25', 148.00, 'B''s Beverages', 'Fauntleroy Circus', 'London', NULL, 'EC2 5NT', 'Royaume-Uni', 0.00),
	( 10579, 'LETSS', '1995-07-26', '1995-08-04', 68.00, 'Let''s Stop N Shop', '87 Polk St. Suite 5', 'San Francisco', 'CA', '94117', 'Etats-Unis', 0.00),
	( 10580, 'OTTIK', '1995-07-27', '1995-08-01', 379.00, 'Ottilies Käseladen', 'Mehrheimerstr. 369', 'Köln', NULL, '50739', 'Allemagne', 0.00),
	( 10581, 'FAMIA', '1995-07-27', '1995-08-02', 15.00, 'Familia Arquibaldo', 'Rua Orós, 92', 'São Paulo', 'SP', '05442-030', 'Brésil', 0.00),
	( 10582, 'BLAUS', '1995-07-28', '1995-08-14', 138.00, 'Blauer See Delikatessen', 'Forsterstr. 57', 'Mannheim', NULL, '68306', 'Allemagne', 0.00),
	( 10583, 'WARTH', '1995-07-31', '1995-08-04', 36.00, 'Wartian Herkku', 'Torikatu 38', 'Oulu', NULL, '90110', 'Finlande', 0.00),
	( 10584, 'BLONP', '1995-07-31', '1995-08-04', 295.00, 'Blondel père et fils', '24, place Kléber', 'Strasbourg', NULL, '67000', 'France', 0.00),
	( 10585, 'WELLI', '1995-08-01', '1995-08-10', 67.00, 'Wellington Importadora', 'Rua do Mercado, 12', 'Resende', 'SP', '08737-363', 'Brésil', 0.00),
	( 10586, 'REGGC', '1995-08-02', '1995-08-09', 2.00, 'Reggiani Caseifici', 'Strada Provinciale 124', 'Reggio Emilia', NULL, '42100', 'Italie', 0.00),
	( 10587, 'QUEDE', '1995-08-02', '1995-08-09', 312.00, 'Que Delícia', 'Rua da Panificadora, 12', 'Rio de Janeiro', 'RJ', '02389-673', 'Brésil', 0.00),
	( 10588, 'QUICK', '1995-08-03', '1995-08-10', 973.00, 'QUICK-Stop', 'Taucherstraße 10', 'Cunewalde', NULL, '01307', 'Allemagne', 0.00),
	( 10589, 'GREAL', '1995-08-04', '1995-08-14', 22.00, 'Great Lakes Food Market', '2732 Baker Blvd.', 'Eugene', 'OR', '97403', 'Etats-Unis', 0.00),
	( 10590, 'MEREP', '1995-08-07', '1995-08-14', 223.00, 'Mère Paillarde', '43 rue St. Laurent', 'Montréal', 'Québec', 'H1J 1C3', 'Canada', 0.00),
	( 10591, 'VAFFE', '1995-08-07', '1995-08-16', 279.00, 'Vaffeljernet', 'Smagsløget 45', 'Århus', NULL, '8200', 'Danemark', 0.00),
	( 10592, 'LEHMS', '1995-08-08', '1995-08-16', 160.00, 'Lehmanns Marktstand', 'Magazinweg 7', 'Frankfurt a.M.', NULL, '60528', 'Allemagne', 0.00),
	( 10593, 'LEHMS', '1995-08-09', '1995-09-13', 871.00, 'Lehmanns Marktstand', 'Magazinweg 7', 'Frankfurt a.M.', NULL, '60528', 'Allemagne', 0.00),
	( 10594, 'OLDWO', '1995-08-09', '1995-08-16', 26.00, 'Old World Delicatessen', '2743 Bering St.', 'Anchorage', 'AK', '99508', 'Etats-Unis', 0.00),
	( 10595, 'ERNSH', '1995-08-10', '1995-08-14', 483.00, 'Ernst Handel', 'Kirchgasse 6', 'Graz', NULL, '8010', 'Autriche', 0.00),
	( 10596, 'WHITC', '1995-08-11', '1995-09-12', 81.00, 'White Clover Markets', '1029 - 12th Ave. S.', 'Seattle', 'WA', '98124', 'Etats-Unis', 0.00),
	( 10597, 'PICCO', '1995-08-11', '1995-08-18', 175.00, 'Piccolo und mehr', 'Geislweg 14', 'Salzburg', NULL, '5020', 'Autriche', 0.00),
	( 10598, 'RATTC', '1995-08-14', '1995-08-18', 222.00, 'Rattlesnake Canyon Grocery', '2817 Milton Dr.', 'Albuquerque', 'NM', '87110', 'Etats-Unis', 0.00),
	( 10599, 'BSBEV', '1995-08-15', '1995-08-21', 149.00, 'B''s Beverages', 'Fauntleroy Circus', 'London', NULL, 'EC2 5NT', 'Royaume-Uni', 0.00),
	( 10600, 'HUNGC', '1995-08-16', '1995-08-21', 225.00, 'Hungry Coyote Import Store', 'City Center Plaza 516 Main St.', 'Elgin', 'OR', '97827', 'Etats-Unis', 0.00),
	( 10601, 'HILAA', '1995-08-16', '1995-08-22', 291.00, 'HILARIÓN-Abastos', 'Carrera 22 con Ave. Carlos Soublette #8-35', 'San Cristóbal', 'Táchira', '5022', 'Venezuela', 0.00),
	( 10602, 'VAFFE', '1995-08-17', '1995-08-22', 14.00, 'Vaffeljernet', 'Smagsløget 45', 'Århus', NULL, '8200', 'Danemark', 0.00),
	( 10603, 'SAVEA', '1995-08-18', '1995-09-08', 243.00, 'Save-a-lot Markets', '187 Suffolk Ln.', 'Boise', 'ID', '83720', 'Etats-Unis', 0.00),
	( 10604, 'FURIB', '1995-08-18', '1995-08-29', 37.00, 'Furia Bacalhau e Frutos do Mar', 'Jardim das rosas n. 32', 'Lisboa', NULL, '1675', 'Portugal', 0.00),
	( 10605, 'MEREP', '1995-08-21', '1995-08-29', 1895.00, 'Mère Paillarde', '43 rue St. Laurent', 'Montréal', 'Québec', 'H1J 1C3', 'Canada', 0.00),
	( 10606, 'TRADH', '1995-08-22', '1995-08-31', 397.00, 'Tradição Hipermercados', 'Av. Inês de Castro, 414', 'São Paulo', 'SP', '05634-030', 'Brésil', 0.00),
	( 10607, 'SAVEA', '1995-08-22', '1995-08-25', 1001.00, 'Save-a-lot Markets', '187 Suffolk Ln.', 'Boise', 'ID', '83720', 'Etats-Unis', 0.00),
	( 10608, 'TOMSP', '1995-08-23', '1995-09-01', 138.00, 'Toms Spezialitäten', 'Luisenstr. 48', 'Münster', NULL, '44087', 'Allemagne', 0.00),
	( 10609, 'DUMON', '1995-08-24', '1995-08-30', 9.00, 'Du monde entier', '67, rue des Cinquante Otages', 'Nantes', NULL, '44000', 'France', 0.00),
	( 10610, 'LAMAI', '1995-08-25', '1995-09-06', 133.00, 'La maison d''Asie', '1 rue Alsace-Lorraine', 'Toulouse', NULL, '31000', 'France', 0.00),
	( 10611, 'WOLZA', '1995-08-25', '1995-09-01', 403.00, 'Wolski Zajazd', 'ul. Filtrowa 68', 'Warszawa', NULL, '01-012', 'Pologne', 0.00),
	( 10612, 'SAVEA', '1995-08-28', '1995-09-01', 2720.00, 'Save-a-lot Markets', '187 Suffolk Ln.', 'Boise', 'ID', '83720', 'Etats-Unis', 0.00),
	( 10613, 'HILAA', '1995-08-29', '1995-09-01', 40.00, 'HILARIÓN-Abastos', 'Carrera 22 con Ave. Carlos Soublette #8-35', 'San Cristóbal', 'Táchira', '5022', 'Venezuela', 0.00),
	( 10614, 'BLAUS', '1995-08-29', '1995-09-01', 9.00, 'Blauer See Delikatessen', 'Forsterstr. 57', 'Mannheim', NULL, '68306', 'Allemagne', 0.00),
	( 10615, 'WILMK', '1995-08-30', '1995-09-06', 3.00, 'Wilman Kala', 'Keskuskatu 45', 'Helsinki', NULL, '21240', 'Finlande', 0.00),
	( 10616, 'GREAL', '1995-08-31', '1995-09-05', 582.00, 'Great Lakes Food Market', '2732 Baker Blvd.', 'Eugene', 'OR', '97403', 'Etats-Unis', 0.00),
	( 10617, 'GREAL', '1995-08-31', '1995-09-04', 92.00, 'Great Lakes Food Market', '2732 Baker Blvd.', 'Eugene', 'OR', '97403', 'Etats-Unis', 0.00),
	( 10618, 'MEREP', '1995-09-01', '1995-09-08', 773.00, 'Mère Paillarde', '43 rue St. Laurent', 'Montréal', 'Québec', 'H1J 1C3', 'Canada', 0.00),
	( 10619, 'MEREP', '1995-09-04', '1995-09-07', 455.00, 'Mère Paillarde', '43 rue St. Laurent', 'Montréal', 'Québec', 'H1J 1C3', 'Canada', 0.00),
	( 10620, 'LAUGB', '1995-09-05', '1995-09-14', 4.00, 'Laughing Bacchus Wine Cellars', '2319 Elm St.', 'Vancouver', 'BC', 'V3F 2K1', 'Canada', 0.00),
	( 10621, 'ISLAT', '1995-09-05', '1995-09-11', 118.00, 'Island Trading', 'Garden House Crowther Way', 'Cowes', 'Isle of Wigth', 'PO31 7PJ', 'Royaume-Uni', 0.00),
	( 10622, 'RICAR', '1995-09-06', '1995-09-11', 254.00, 'Ricardo Adocicados', 'Av. Copacabana, 267', 'Rio de Janeiro', 'RJ', '02389-890', 'Brésil', 0.00),
	( 10623, 'FRANK', '1995-09-07', '1995-09-12', 485.00, 'Frankenversand', 'Berliner Platz 43', 'München', NULL, '80805', 'Allemagne', 0.00),
	( 10624, 'THECR', '1995-09-07', '1995-09-19', 474.00, 'The Cracker Box', '55 Grizzly Peak Rd.', 'Butte', 'MT', '59801', 'Etats-Unis', 0.00),
	( 10625, 'ANATR', '1995-09-08', '1995-09-14', 219.00, 'Ana Trujillo Emparedados y helados', 'Avda. de la Constitución 2222', 'México D.F.', NULL, '05021', 'Mexique', 0.00),
	( 10626, 'BERGS', '1995-09-11', '1995-09-20', 693.00, 'Berglunds snabbköp', 'Berguvsvägen  8', 'Luleå', NULL, 'S-958 22', 'Suède', 0.00),
	( 10627, 'SAVEA', '1995-09-11', '1995-09-21', 537.00, 'Save-a-lot Markets', '187 Suffolk Ln.', 'Boise', 'ID', '83720', 'Etats-Unis', 0.00),
	( 10628, 'BLONP', '1995-09-12', '1995-09-20', 151.00, 'Blondel père et fils', '24, place Kléber', 'Strasbourg', NULL, '67000', 'France', 0.00),
	( 10629, 'GODOS', '1995-09-12', '1995-09-20', 427.00, 'Godos Cocina Típica', 'C/ Romero, 33', 'Sevilla', NULL, '41101', 'Espagne', 0.00),
	( 10630, 'KOENE', '1995-09-13', '1995-09-19', 161.00, 'Königlich Essen', 'Maubelstr. 90', 'Brandenburg', NULL, '14776', 'Allemagne', 0.00),
	( 10631, 'LAMAI', '1995-09-14', '1995-09-15', 4.00, 'La maison d''Asie', '1 rue Alsace-Lorraine', 'Toulouse', NULL, '31000', 'France', 0.00),
	( 10632, 'WANDK', '1995-09-14', '1995-09-19', 206.00, 'Die Wandernde Kuh', 'Adenauerallee 900', 'Stuttgart', NULL, '70563', 'Allemagne', 0.00),
	( 10633, 'ERNSH', '1995-09-15', '1995-09-18', 2389.00, 'Ernst Handel', 'Kirchgasse 6', 'Graz', NULL, '8010', 'Autriche', 0.00),
	( 10634, 'FOLIG', '1995-09-15', '1995-09-21', 2436.00, 'Folies gourmandes', '184, chaussée de Tournai', 'Lille', NULL, '59000', 'France', 0.00),
	( 10635, 'MAGAA', '1995-09-18', '1995-09-21', 237.00, 'Magazzini Alimentari Riuniti', 'Via Ludovico il Moro 22', 'Bergamo', NULL, '24100', 'Italie', 0.00),
	( 10636, 'WARTH', '1995-09-19', '1995-09-26', 5.00, 'Wartian Herkku', 'Torikatu 38', 'Oulu', NULL, '90110', 'Finlande', 0.00),
	( 10637, 'QUEEN', '1995-09-19', '1995-09-26', 1006.00, 'Queen Cozinha', 'Alameda dos Canàrios, 891', 'São Paulo', 'SP', '05487-020', 'Brésil', 0.00),
	( 10638, 'LINOD', '1995-09-20', '1995-10-02', 792.00, 'LINO-Delicateses', 'Ave. 5 de Mayo Porlamar', 'I. de Margarita', 'Nueva Esparta', '4980', 'Venezuela', 0.00),
	( 10639, 'SANTG', '1995-09-20', '1995-09-27', 193.00, 'Santé Gourmet', 'Erling Skakkes gate 78', 'Stavern', NULL, '4110', 'Norvège', 0.00),
	( 10640, 'WANDK', '1995-09-21', '1995-09-28', 117.00, 'Die Wandernde Kuh', 'Adenauerallee 900', 'Stuttgart', NULL, '70563', 'Allemagne', 0.00),
	( 10641, 'HILAA', '1995-09-22', '1995-09-26', 898.00, 'HILARIÓN-Abastos', 'Carrera 22 con Ave. Carlos Soublette #8-35', 'San Cristóbal', 'Táchira', '5022', 'Venezuela', 0.00),
	( 10642, 'SIMOB', '1995-09-22', '1995-10-06', 209.00, 'Simons bistro', 'Vinbæltet 34', 'København', NULL, '1734', 'Danemark', 0.00),
	( 10643, 'AROUT', '1995-09-25', '1995-10-03', 147.00, 'Around the Horn', '120 Hanover Sq.', 'London', NULL, 'WA1 1DP', 'Royaume-Uni', 0.00),
	( 10644, 'WELLI', '1995-09-25', '1995-10-02', 0.00, 'Wellington Importadora', 'Rua do Mercado, 12', 'Resende', 'SP', '08737-363', 'Brésil', 0.00),
	( 10645, 'HANAR', '1995-09-26', '1995-10-03', 62.00, 'Hanari Carnes', 'Rua do Paço, 67', 'Rio de Janeiro', 'RJ', '05454-876', 'Brésil', 0.00),
	( 10646, 'HUNGO', '1995-09-27', '1995-10-04', 711.00, 'Hungry Owl All-Night Grocers', '8 Johnstown Road', 'Cork', 'Co. Cork', NULL, 'Irlande', 0.00),
	( 10647, 'QUEDE', '1995-09-27', '1995-10-04', 227.00, 'Que Delícia', 'Rua da Panificadora, 12', 'Rio de Janeiro', 'RJ', '02389-673', 'Brésil', 0.00),
	( 10648, 'RICAR', '1995-09-28', '1995-10-10', 71.00, 'Ricardo Adocicados', 'Av. Copacabana, 267', 'Rio de Janeiro', 'RJ', '02389-890', 'Brésil', 0.00),
	( 10649, 'MAISD', '1995-09-28', '1995-09-29', 31.00, 'Maison Dewey', 'Rue Joseph-Bens 532', 'Bruxelles', NULL, 'B-1180', 'Belgique', 0.00),
	( 10650, 'FAMIA', '1995-09-29', '1995-10-04', 884.00, 'Familia Arquibaldo', 'Rua Orós, 92', 'São Paulo', 'SP', '05442-030', 'Brésil', 0.00),
	( 10651, 'WANDK', '1995-10-02', '1995-10-12', 103.00, 'Die Wandernde Kuh', 'Adenauerallee 900', 'Stuttgart', NULL, '70563', 'Allemagne', 0.00),
	( 10652, 'GOURL', '1995-10-02', '1995-10-09', 35.00, 'Gourmet Lanchonetes', 'Av. Brasil, 442', 'Campinas', 'SP', '04876-786', 'Brésil', 0.00),
	( 10653, 'FRANK', '1995-10-03', '1995-10-20', 466.00, 'Frankenversand', 'Berliner Platz 43', 'München', NULL, '80805', 'Allemagne', 0.00),
	( 10654, 'BERGS', '1995-10-03', '1995-10-12', 276.00, 'Berglunds snabbköp', 'Berguvsvägen  8', 'Luleå', NULL, 'S-958 22', 'Suède', 0.00),
	( 10655, 'REGGC', '1995-10-04', '1995-10-12', 22.00, 'Reggiani Caseifici', 'Strada Provinciale 124', 'Reggio Emilia', NULL, '42100', 'Italie', 0.00),
	( 10656, 'GREAL', '1995-10-05', '1995-10-11', 285.00, 'Great Lakes Food Market', '2732 Baker Blvd.', 'Eugene', 'OR', '97403', 'Etats-Unis', 0.00),
	( 10657, 'SAVEA', '1995-10-05', '1995-10-16', 1763.00, 'Save-a-lot Markets', '187 Suffolk Ln.', 'Boise', 'ID', '83720', 'Etats-Unis', 0.00),
	( 10658, 'QUICK', '1995-10-06', '1995-10-09', 1820.00, 'QUICK-Stop', 'Taucherstraße 10', 'Cunewalde', NULL, '01307', 'Allemagne', 0.00),
	( 10659, 'QUEEN', '1995-10-06', '1995-10-11', 529.00, 'Queen Cozinha', 'Alameda dos Canàrios, 891', 'São Paulo', 'SP', '05487-020', 'Brésil', 0.00),
	( 10660, 'HUNGC', '1995-10-09', '1995-11-15', 556.00, 'Hungry Coyote Import Store', 'City Center Plaza 516 Main St.', 'Elgin', 'OR', '97827', 'Etats-Unis', 0.00),
	( 10661, 'HUNGO', '1995-10-10', '1995-10-16', 87.00, 'Hungry Owl All-Night Grocers', '8 Johnstown Road', 'Cork', 'Co. Cork', NULL, 'Irlande', 0.00),
	( 10662, 'LONEP', '1995-10-10', '1995-10-19', 6.00, 'Lonesome Pine Restaurant', '89 Chiaroscuro Rd.', 'Portland', 'OR', '97219', 'Etats-Unis', 0.00),
	( 10663, 'BONAP', '1995-10-11', '1995-11-03', 565.00, 'Bon app''', '12, rue des Bouchers', 'Marseille', NULL, '13008', 'France', 0.00),
	( 10664, 'FURIB', '1995-10-11', '1995-10-20', 6.00, 'Furia Bacalhau e Frutos do Mar', 'Jardim das rosas n. 32', 'Lisboa', NULL, '1675', 'Portugal', 0.00),
	( 10665, 'LONEP', '1995-10-12', '1995-10-18', 131.00, 'Lonesome Pine Restaurant', '89 Chiaroscuro Rd.', 'Portland', 'OR', '97219', 'Etats-Unis', 0.00),
	( 10666, 'RICSU', '1995-10-13', '1995-10-23', 1162.00, 'Richter Supermarkt', 'Starenweg 5', 'Genève', NULL, '1204', 'Suisse', 0.00),
	( 10667, 'ERNSH', '1995-10-13', '1995-10-20', 390.00, 'Ernst Handel', 'Kirchgasse 6', 'Graz', NULL, '8010', 'Autriche', 0.00),
	( 10668, 'WANDK', '1995-10-16', '1995-10-24', 236.00, 'Die Wandernde Kuh', 'Adenauerallee 900', 'Stuttgart', NULL, '70563', 'Allemagne', 0.00),
	( 10669, 'SIMOB', '1995-10-16', '1995-10-23', 121.00, 'Simons bistro', 'Vinbæltet 34', 'København', NULL, '1734', 'Danemark', 0.00),
	( 10670, 'FRANK', '1995-10-17', '1995-10-19', 1017.00, 'Frankenversand', 'Berliner Platz 43', 'München', NULL, '80805', 'Allemagne', 0.00),
	( 10671, 'FRANR', '1995-10-18', '1995-10-25', 151.00, 'France restauration', '54, rue Royale', 'Nantes', NULL, '44000', 'France', 0.00),
	( 10672, 'BERGS', '1995-10-18', '1995-10-27', 478.00, 'Berglunds snabbköp', 'Berguvsvägen  8', 'Luleå', NULL, 'S-958 22', 'Suède', 0.00),
	( 10673, 'WILMK', '1995-10-19', '1995-10-20', 113.00, 'Wilman Kala', 'Keskuskatu 45', 'Helsinki', NULL, '21240', 'Finlande', 0.00),
	( 10674, 'ISLAT', '1995-10-19', '1995-10-31', 4.00, 'Island Trading', 'Garden House Crowther Way', 'Cowes', 'Isle of Wigth', 'PO31 7PJ', 'Royaume-Uni', 0.00),
	( 10675, 'FRANK', '1995-10-20', '1995-10-24', 159.00, 'Frankenversand', 'Berliner Platz 43', 'München', NULL, '80805', 'Allemagne', 0.00),
	( 10676, 'TORTU', '1995-10-23', '1995-10-30', 10.00, 'Tortuga Restaurante', 'Avda. Azteca 123', 'México D.F.', NULL, '05033', 'Mexique', 0.00),
	( 10677, 'ANTON', '1995-10-23', '1995-10-27', 20.00, 'Antonio Moreno Taquería', 'Mataderos  2312', 'México D.F.', NULL, '05023', 'Mexique', 0.00),
	( 10678, 'SAVEA', '1995-10-24', '1995-11-16', 1944.00, 'Save-a-lot Markets', '187 Suffolk Ln.', 'Boise', 'ID', '83720', 'Etats-Unis', 0.00),
	( 10679, 'BLONP', '1995-10-24', '1995-10-31', 139.00, 'Blondel père et fils', '24, place Kléber', 'Strasbourg', NULL, '67000', 'France', 0.00),
	( 10680, 'OLDWO', '1995-10-25', '1995-10-27', 133.00, 'Old World Delicatessen', '2743 Bering St.', 'Anchorage', 'AK', '99508', 'Etats-Unis', 0.00),
	( 10681, 'GREAL', '1995-10-26', '1995-10-31', 380.00, 'Great Lakes Food Market', '2732 Baker Blvd.', 'Eugene', 'OR', '97403', 'Etats-Unis', 0.00),
	( 10682, 'ANTON', '1995-10-26', '1995-11-01', 180.00, 'Antonio Moreno Taquería', 'Mataderos  2312', 'México D.F.', NULL, '05023', 'Mexique', 0.00),
	( 10683, 'DUMON', '1995-10-27', '1995-11-01', 22.00, 'Du monde entier', '67, rue des Cinquante Otages', 'Nantes', NULL, '44000', 'France', 0.00),
	( 10684, 'OTTIK', '1995-10-27', '1995-10-31', 728.00, 'Ottilies Käseladen', 'Mehrheimerstr. 369', 'Köln', NULL, '50739', 'Allemagne', 0.00),
	( 10685, 'GOURL', '1995-10-30', '1995-11-03', 168.00, 'Gourmet Lanchonetes', 'Av. Brasil, 442', 'Campinas', 'SP', '04876-786', 'Brésil', 0.00),
	( 10686, 'PICCO', '1995-10-31', '1995-11-08', 482.00, 'Piccolo und mehr', 'Geislweg 14', 'Salzburg', NULL, '5020', 'Autriche', 0.00),
	( 10687, 'HUNGO', '1995-10-31', '1995-11-30', 1482.00, 'Hungry Owl All-Night Grocers', '8 Johnstown Road', 'Cork', 'Co. Cork', NULL, 'Irlande', 0.00),
	( 10688, 'VAFFE', '1995-11-01', '1995-11-07', 1495.00, 'Vaffeljernet', 'Smagsløget 45', 'Århus', NULL, '8200', 'Danemark', 0.00),
	( 10689, 'BERGS', '1995-11-01', '1995-11-07', 67.00, 'Berglunds snabbköp', 'Berguvsvägen  8', 'Luleå', NULL, 'S-958 22', 'Suède', 0.00),
	( 10690, 'HANAR', '1995-11-02', '1995-11-03', 79.00, 'Hanari Carnes', 'Rua do Paço, 67', 'Rio de Janeiro', 'RJ', '05454-876', 'Brésil', 0.00),
	( 10691, 'QUICK', '1995-11-03', '1995-11-22', 4050.00, 'QUICK-Stop', 'Taucherstraße 10', 'Cunewalde', NULL, '01307', 'Allemagne', 0.00),
	( 10692, 'BSBEV', '1995-11-03', '1995-11-13', 305.00, 'B''s Beverages', 'Fauntleroy Circus', 'London', NULL, 'EC2 5NT', 'Royaume-Uni', 0.00),
	( 10693, 'WHITC', '1995-11-06', '1995-11-10', 696.00, 'White Clover Markets', '1029 - 12th Ave. S.', 'Seattle', 'WA', '98124', 'Etats-Unis', 0.00),
	( 10694, 'QUICK', '1995-11-06', '1995-11-09', 1991.00, 'QUICK-Stop', 'Taucherstraße 10', 'Cunewalde', NULL, '01307', 'Allemagne', 0.00),
	( 10695, 'WILMK', '1995-11-07', '1995-11-14', 83.00, 'Wilman Kala', 'Keskuskatu 45', 'Helsinki', NULL, '21240', 'Finlande', 0.00),
	( 10696, 'WHITC', '1995-11-08', '1995-11-14', 512.00, 'White Clover Markets', '1029 - 12th Ave. S.', 'Seattle', 'WA', '98124', 'Etats-Unis', 0.00),
	( 10697, 'LINOD', '1995-11-08', '1995-11-14', 227.00, 'LINO-Delicateses', 'Ave. 5 de Mayo Porlamar', 'I. de Margarita', 'Nueva Esparta', '4980', 'Venezuela', 0.00),
	( 10698, 'ERNSH', '1995-11-09', '1995-11-17', 1362.00, 'Ernst Handel', 'Kirchgasse 6', 'Graz', NULL, '8010', 'Autriche', 0.00),
	( 10699, 'MORGK', '1995-11-09', '1995-11-13', 2.00, 'Morgenstern Gesundkost', 'Heerstr. 22', 'Leipzig', NULL, '04179', 'Allemagne', 0.00),
	( 10700, 'SAVEA', '1995-11-10', '1995-11-16', 325.00, 'Save-a-lot Markets', '187 Suffolk Ln.', 'Boise', 'ID', '83720', 'Etats-Unis', 0.00),
	( 10701, 'HUNGO', '1995-11-13', '1995-11-15', 1101.00, 'Hungry Owl All-Night Grocers', '8 Johnstown Road', 'Cork', 'Co. Cork', NULL, 'Irlande', 0.00),
	( 10702, 'ALFKI', '1995-11-13', '1995-11-21', 119.00, 'Alfred''s Futterkiste', 'Obere Str. 57', 'Berlin', NULL, '12209', 'Allemagne', 0.00),
	( 10703, 'FOLKO', '1995-11-14', '1995-11-20', 761.00, 'Folk och fä HB', 'Åkergatan 24', 'Bräcke', NULL, 'S-844 67', 'Suède', 0.00),
	( 10704, 'QUEEN', '1995-11-14', '1995-12-08', 23.00, 'Queen Cozinha', 'Alameda dos Canàrios, 891', 'São Paulo', 'SP', '05487-020', 'Brésil', 0.00),
	( 10705, 'HILAA', '1995-11-15', '1995-12-19', 17.00, 'HILARIÓN-Abastos', 'Carrera 22 con Ave. Carlos Soublette #8-35', 'San Cristóbal', 'Táchira', '5022', 'Venezuela', 0.00),
	( 10706, 'OLDWO', '1995-11-16', '1995-11-21', 678.00, 'Old World Delicatessen', '2743 Bering St.', 'Anchorage', 'AK', '99508', 'Etats-Unis', 0.00),
	( 10707, 'AROUT', '1995-11-16', '1995-11-23', 108.00, 'Around the Horn', 'Brook Farm Stratford St. Mary', 'Colchester', 'Essex', 'CO7 6JX', 'Royaume-Uni', 0.00),
	( 10708, 'THEBI', '1995-11-17', '1995-12-06', 14.00, 'The Big Cheese', '89 Jefferson Way Suite 2', 'Portland', 'OR', '97201', 'Etats-Unis', 0.00),
	( 10709, 'GOURL', '1995-11-17', '1995-12-21', 1054.00, 'Gourmet Lanchonetes', 'Av. Brasil, 442', 'Campinas', 'SP', '04876-786', 'Brésil', 0.00),
	( 10710, 'FRANS', '1995-11-20', '1995-11-23', 24.00, 'Franchi S.p.A.', 'Via Monte Bianco 34', 'Torino', NULL, '10100', 'Italie', 0.00),
	( 10711, 'SAVEA', '1995-11-21', '1995-11-29', 262.00, 'Save-a-lot Markets', '187 Suffolk Ln.', 'Boise', 'ID', '83720', 'Etats-Unis', 0.00),
	( 10712, 'HUNGO', '1995-11-21', '1995-12-01', 449.00, 'Hungry Owl All-Night Grocers', '8 Johnstown Road', 'Cork', 'Co. Cork', NULL, 'Irlande', 0.00),
	( 10713, 'SAVEA', '1995-11-22', '1995-11-24', 835.00, 'Save-a-lot Markets', '187 Suffolk Ln.', 'Boise', 'ID', '83720', 'Etats-Unis', 0.00),
	( 10714, 'SAVEA', '1995-11-22', '1995-11-27', 122.00, 'Save-a-lot Markets', '187 Suffolk Ln.', 'Boise', 'ID', '83720', 'Etats-Unis', 0.00),
	( 10715, 'BONAP', '1995-11-23', '1995-11-29', 316.00, 'Bon app''', '12, rue des Bouchers', 'Marseille', NULL, '13008', 'France', 0.00),
	( 10716, 'RANCH', '1995-11-24', '1995-11-27', 112.00, 'Rancho grande', 'Av. del Libertador 900', 'Buenos Aires', NULL, '1010', 'Argentine', 0.00),
	( 10717, 'FRANK', '1995-11-24', '1995-11-29', 296.00, 'Frankenversand', 'Berliner Platz 43', 'München', NULL, '80805', 'Allemagne', 0.00),
	( 10718, 'KOENE', '1995-11-27', '1995-11-29', 854.00, 'Königlich Essen', 'Maubelstr. 90', 'Brandenburg', NULL, '14776', 'Allemagne', 0.00),
	( 10719, 'LETSS', '1995-11-27', '1995-12-06', 257.00, 'Let''s Stop N Shop', '87 Polk St. Suite 5', 'San Francisco', 'CA', '94117', 'Etats-Unis', 0.00),
	( 10720, 'QUEDE', '1995-11-28', '1995-12-06', 47.00, 'Que Delícia', 'Rua da Panificadora, 12', 'Rio de Janeiro', 'RJ', '02389-673', 'Brésil', 0.00),
	( 10721, 'QUICK', '1995-11-29', '1995-12-01', 244.00, 'QUICK-Stop', 'Taucherstraße 10', 'Cunewalde', NULL, '01307', 'Allemagne', 0.00),
	( 10722, 'SAVEA', '1995-11-29', '1995-12-05', 372.00, 'Save-a-lot Markets', '187 Suffolk Ln.', 'Boise', 'ID', '83720', 'Etats-Unis', 0.00),
	( 10723, 'WHITC', '1995-11-30', '1995-12-26', 108.00, 'White Clover Markets', '1029 - 12th Ave. S.', 'Seattle', 'WA', '98124', 'Etats-Unis', 0.00),
	( 10724, 'MEREP', '1995-11-30', '1995-12-06', 288.00, 'Mère Paillarde', '43 rue St. Laurent', 'Montréal', 'Québec', 'H1J 1C3', 'Canada', 0.00),
	( 10725, 'FAMIA', '1995-12-01', '1995-12-06', 54.00, 'Familia Arquibaldo', 'Rua Orós, 92', 'São Paulo', 'SP', '05442-030', 'Brésil', 0.00),
	( 10726, 'EASTC', '1995-12-04', '1996-01-05', 82.00, 'Eastern Connection', '35 King George', 'London', NULL, 'WX3 6FW', 'Royaume-Uni', 0.00),
	( 10727, 'REGGC', '1995-12-04', '1996-01-05', 449.00, 'Reggiani Caseifici', 'Strada Provinciale 124', 'Reggio Emilia', NULL, '42100', 'Italie', 0.00),
	( 10728, 'QUEEN', '1995-12-05', '1995-12-12', 291.00, 'Queen Cozinha', 'Alameda dos Canàrios, 891', 'São Paulo', 'SP', '05487-020', 'Brésil', 0.00),
	( 10729, 'LINOD', '1995-12-05', '1995-12-15', 705.00, 'LINO-Delicateses', 'Ave. 5 de Mayo Porlamar', 'I. de Margarita', 'Nueva Esparta', '4980', 'Venezuela', 0.00),
	( 10730, 'BONAP', '1995-12-06', '1995-12-15', 100.00, 'Bon app''', '12, rue des Bouchers', 'Marseille', NULL, '13008', 'France', 0.00),
	( 10731, 'CHOPS', '1995-12-07', '1995-12-15', 483.00, 'Chop-suey Chinese', 'Hauptstr. 31', 'Bern', NULL, '3012', 'Suisse', 0.00),
	( 10732, 'BONAP', '1995-12-07', '1995-12-08', 84.00, 'Bon app''', '12, rue des Bouchers', 'Marseille', NULL, '13008', 'France', 0.00),
	( 10733, 'BERGS', '1995-12-08', '1995-12-11', 550.00, 'Berglunds snabbköp', 'Berguvsvägen  8', 'Luleå', NULL, 'S-958 22', 'Suède', 0.00),
	( 10734, 'GOURL', '1995-12-08', '1995-12-13', 8.00, 'Gourmet Lanchonetes', 'Av. Brasil, 442', 'Campinas', 'SP', '04876-786', 'Brésil', 0.00),
	( 10735, 'LETSS', '1995-12-11', '1995-12-22', 229.00, 'Let''s Stop N Shop', '87 Polk St.Suite 5', 'San Francisco', 'CA', '94117', 'Etats-Unis', 0.00),
	( 10736, 'HUNGO', '1995-12-12', '1995-12-22', 220.00, 'Hungry Owl All-Night Grocers', '8 Johnstown Road', 'Cork', 'Co. Cork', NULL, 'Irlande', 0.00),
	( 10737, 'VINET', '1995-12-12', '1995-12-19', 38.00, 'Vins et alcools Chevalier', '59 rue de l''Abbaye', 'Reims', NULL, '51100', 'France', 0.00),
	( 10738, 'SPECD', '1995-12-13', '1995-12-19', 14.00, 'Spécialités du monde', '25, rue Lauriston', 'Paris', NULL, '75016', 'France', 0.00),
	( 10739, 'VINET', '1995-12-13', '1995-12-18', 55.00, 'Vins et alcools Chevalier', '59 rue de l''Abbaye', 'Reims', NULL, '51100', 'France', 0.00),
	( 10740, 'WHITC', '1995-12-14', '1995-12-26', 409.00, 'White Clover Markets', '1029 - 12th Ave. S.', 'Seattle', 'WA', '98124', 'Etats-Unis', 0.00),
	( 10741, 'AROUT', '1995-12-15', '1995-12-19', 54.00, 'Around the Horn', 'Brook Farm Stratford St. Mary', 'Colchester', 'Essex', 'CO7 6JX', 'Royaume-Uni', 0.00),
	( 10742, 'BOTTM', '1995-12-15', '1995-12-19', 1218.00, 'Bottom-Dollar Markets', '23 Tsawassen Blvd.', 'Tsawassen', 'BC', 'T2F 8M4', 'Canada', 0.00),
	( 10743, 'AROUT', '1995-12-18', '1995-12-22', 118.00, 'Around the Horn', 'Brook Farm Stratford St. Mary', 'Colchester', 'Essex', 'CO7 6JX', 'Royaume-Uni', 0.00),
	( 10744, 'VAFFE', '1995-12-18', '1995-12-25', 345.00, 'Vaffeljernet', 'Smagsløget 45', 'Århus', NULL, '8200', 'Danemark', 0.00),
	( 10745, 'QUICK', '1995-12-19', '1995-12-28', 17.00, 'QUICK-Stop', 'Taucherstraße 10', 'Cunewalde', NULL, '01307', 'Allemagne', 0.00),
	( 10746, 'CHOPS', '1995-12-20', '1995-12-22', 157.00, 'Chop-suey Chinese', 'Hauptstr. 31', 'Bern', NULL, '3012', 'Suisse', 0.00),
	( 10747, 'PICCO', '1995-12-20', '1995-12-27', 586.00, 'Piccolo und mehr', 'Geislweg 14', 'Salzburg', NULL, '5020', 'Autriche', 0.00),
	( 10748, 'SAVEA', '1995-12-21', '1995-12-29', 1162.00, 'Save-a-lot Markets', '187 Suffolk Ln.', 'Boise', 'ID', '83720', 'Etats-Unis', 0.00),
	( 10749, 'ISLAT', '1995-12-21', '1996-01-19', 307.00, 'Island Trading', 'Garden House Crowther Way', 'Cowes', 'Isle of Wigth', 'PO31 7PJ', 'Royaume-Uni', 0.00),
	( 10750, 'WARTH', '1995-12-22', '1995-12-25', 396.00, 'Wartian Herkku', 'Torikatu 38', 'Oulu', NULL, '90110', 'Finlande', 0.00),
	( 10751, 'RICSU', '1995-12-25', '1996-01-03', 653.00, 'Richter Supermarkt', 'Starenweg 5', 'Genève', NULL, '1204', 'Suisse', 0.00),
	( 10752, 'NORTS', '1995-12-25', '1995-12-29', 6.00, 'North/South', 'South House 300 Queensbridge', 'London', NULL, 'SW7 1RZ', 'Royaume-Uni', 0.00),
	( 10753, 'FRANS', '1995-12-26', '1995-12-28', 38.00, 'Franchi S.p.A.', 'Via Monte Bianco 34', 'Torino', NULL, '10100', 'Italie', 0.00),
	( 10754, 'MAGAA', '1995-12-26', '1995-12-28', 11.00, 'Magazzini Alimentari Riuniti', 'Via Ludovico il Moro 22', 'Bergamo', NULL, '24100', 'Italie', 0.00),
	( 10755, 'BONAP', '1995-12-27', '1995-12-29', 83.00, 'Bon app''', '12, rue des Bouchers', 'Marseille', NULL, '13008', 'France', 0.00),
	( 10756, 'SPLIR', '1995-12-28', '1996-01-02', 366.00, 'Split Rail Beer & Ale', 'P.O. Box 555', 'Lander', 'WY', '82520', 'Etats-Unis', 0.00),
	( 10757, 'SAVEA', '1995-12-28', '1996-01-15', 40.00, 'Save-a-lot Markets', '187 Suffolk Ln.', 'Boise', 'ID', '83720', 'Etats-Unis', 0.00),
	( 10758, 'RICSU', '1995-12-29', '1996-01-04', 690.00, 'Richter Supermarkt', 'Starenweg 5', 'Genève', NULL, '1204', 'Suisse', 0.00),
	( 10759, 'ANATR', '1995-12-29', '1996-01-12', 59.00, 'Ana Trujillo Emparedados y helados', 'Avda. de la Constitución 2222', 'México D.F.', NULL, '05021', 'Mexique', 0.00),
	( 10760, 'MAISD', '1996-01-01', '1996-01-10', 778.00, 'Maison Dewey', 'Rue Joseph-Bens 532', 'Bruxelles', NULL, 'B-1180', 'Belgique', 0.00),
	( 10761, 'RATTC', '1996-01-02', '1996-01-08', 93.00, 'Rattlesnake Canyon Grocery', '2817 Milton Dr.', 'Albuquerque', 'NM', '87110', 'Etats-Unis', 0.00),
	( 10762, 'FOLKO', '1996-01-02', '1996-01-09', 1643.00, 'Folk och fä HB', 'Åkergatan 24', 'Bräcke', NULL, 'S-844 67', 'Suède', 0.00),
	( 10763, 'FOLIG', '1996-01-03', '1996-01-08', 186.00, 'Folies gourmandes', '184, chaussée de Tournai', 'Lille', NULL, '59000', 'France', 0.00),
	( 10764, 'ERNSH', '1996-01-03', '1996-01-08', 727.00, 'Ernst Handel', 'Kirchgasse 6', 'Graz', NULL, '8010', 'Autriche', 0.00),
	( 10765, 'QUICK', '1996-01-04', '1996-01-09', 213.00, 'QUICK-Stop', 'Taucherstraße 10', 'Cunewalde', NULL, '01307', 'Allemagne', 0.00),
	( 10766, 'OTTIK', '1996-01-05', '1996-01-09', 787.00, 'Ottilies Käseladen', 'Mehrheimerstr. 369', 'Köln', NULL, '50739', 'Allemagne', 0.00),
	( 10767, 'SUPRD', '1996-01-05', '1996-01-15', 7.00, 'Suprêmes délices', 'Boulevard Tirou, 255', 'Charleroi', NULL, 'B-6000', 'Belgique', 0.00),
	( 10768, 'AROUT', '1996-01-08', '1996-01-15', 731.00, 'Around the Horn', 'Brook Farm Stratford St. Mary', 'Colchester', 'Essex', 'CO7 6JX', 'Royaume-Uni', 0.00),
	( 10769, 'VAFFE', '1996-01-08', '1996-01-12', 325.00, 'Vaffeljernet', 'Smagsløget 45', 'Århus', NULL, '8200', 'Danemark', 0.00),
	( 10770, 'HANAR', '1996-01-09', '1996-01-17', 26.00, 'Hanari Carnes', 'Rua do Paço, 67', 'Rio de Janeiro', 'RJ', '05454-876', 'Brésil', 0.00),
	( 10771, 'ERNSH', '1996-01-10', '1996-02-02', 55.00, 'Ernst Handel', 'Kirchgasse 6', 'Graz', NULL, '8010', 'Autriche', 0.00),
	( 10772, 'LEHMS', '1996-01-10', '1996-01-19', 456.00, 'Lehmanns Marktstand', 'Magazinweg 7', 'Frankfurt a.M.', NULL, '60528', 'Allemagne', 0.00),
	( 10773, 'ERNSH', '1996-01-11', '1996-01-16', 482.00, 'Ernst Handel', 'Kirchgasse 6', 'Graz', NULL, '8010', 'Autriche', 0.00),
	( 10774, 'FOLKO', '1996-01-11', '1996-01-12', 241.00, 'Folk och fä HB', 'Åkergatan 24', 'Bräcke', NULL, 'S-844 67', 'Suède', 0.00),
	( 10775, 'THECR', '1996-01-12', '1996-01-26', 101.00, 'The Cracker Box', '55 Grizzly Peak Rd.', 'Butte', 'MT', '59801', 'Etats-Unis', 0.00),
	( 10776, 'ERNSH', '1996-01-15', '1996-01-18', 1757.00, 'Ernst Handel', 'Kirchgasse 6', 'Graz', NULL, '8010', 'Autriche', 0.00),
	( 10777, 'GOURL', '1996-01-15', '1996-02-21', 15.00, 'Gourmet Lanchonetes', 'Av. Brasil, 442', 'Campinas', 'SP', '04876-786', 'Brésil', 0.00),
	( 10778, 'BERGS', '1996-01-16', '1996-01-24', 33.00, 'Berglunds snabbköp', 'Berguvsvägen  8', 'Luleå', NULL, 'S-958 22', 'Suède', 0.00),
	( 10779, 'MORGK', '1996-01-16', '1996-02-14', 290.00, 'Morgenstern Gesundkost', 'Heerstr. 22', 'Leipzig', NULL, '04179', 'Allemagne', 0.00),
	( 10780, 'LILAS', '1996-01-16', '1996-01-25', 210.00, 'LILA-Supermercado', 'Carrera 52 con Ave. Bolívar #65-98 Llano Largo', 'Barquisimeto', 'Lara', '3508', 'Venezuela', 0.00),
	( 10781, 'WARTH', '1996-01-17', '1996-01-19', 365.00, 'Wartian Herkku', 'Torikatu 38', 'Oulu', NULL, '90110', 'Finlande', 0.00),
	( 10782, 'CACTU', '1996-01-17', '1996-01-22', 5.00, 'Cactus Comidas para llevar', 'Cerrito 333', 'Buenos Aires', NULL, '1010', 'Argentine', 0.00),
	( 10783, 'HANAR', '1996-01-18', '1996-01-19', 624.00, 'Hanari Carnes', 'Rua do Paço, 67', 'Rio de Janeiro', 'RJ', '05454-876', 'Brésil', 0.00),
	( 10784, 'MAGAA', '1996-01-18', '1996-01-22', 350.00, 'Magazzini Alimentari Riuniti', 'Via Ludovico il Moro 22', 'Bergamo', NULL, '24100', 'Italie', 0.00),
	( 10785, 'GROSR', '1996-01-18', '1996-01-24', 7.00, 'GROSELLA-Restaurante', '5ª Ave. Los Palos Grandes', 'Caracas', 'DF', '1081', 'Venezuela', 0.00),
	( 10786, 'QUEEN', '1996-01-19', '1996-01-23', 554.00, 'Queen Cozinha', 'Alameda dos Canàrios, 891', 'São Paulo', 'SP', '05487-020', 'Brésil', 0.00),
	( 10787, 'LAMAI', '1996-01-19', '1996-01-26', 1249.00, 'La maison d''Asie', '1 rue Alsace-Lorraine', 'Toulouse', NULL, '31000', 'France', 0.00),
	( 10788, 'QUICK', '1996-01-22', '1996-02-19', 213.00, 'QUICK-Stop', 'Taucherstraße 10', 'Cunewalde', NULL, '01307', 'Allemagne', 0.00),
	( 10789, 'FOLIG', '1996-01-22', '1996-01-31', 503.00, 'Folies gourmandes', '184, chaussée de Tournai', 'Lille', NULL, '59000', 'France', 0.00),
	( 10790, 'GOURL', '1996-01-22', '1996-01-26', 141.00, 'Gourmet Lanchonetes', 'Av. Brasil, 442', 'Campinas', 'SP', '04876-786', 'Brésil', 0.00),
	( 10791, 'FRANK', '1996-01-23', '1996-02-01', 84.00, 'Frankenversand', 'Berliner Platz 43', 'München', NULL, '80805', 'Allemagne', 0.00),
	( 10792, 'WOLZA', '1996-01-23', '1996-01-31', 118.00, 'Wolski Zajazd', 'ul. Filtrowa 68', 'Warszawa', NULL, '01-012', 'Pologne', 0.00),
	( 10793, 'AROUT', '1996-01-24', '1996-02-08', 22.00, 'Around the Horn', 'Brook Farm Stratford St. Mary', 'Colchester', 'Essex', 'CO7 6JX', 'Royaume-Uni', 0.00),
	( 10794, 'QUEDE', '1996-01-24', '1996-02-02', 107.00, 'Que Delícia', 'Rua da Panificadora, 12', 'Rio de Janeiro', 'RJ', '02389-673', 'Brésil', 0.00),
	( 10795, 'ERNSH', '1996-01-24', '1996-02-20', 633.00, 'Ernst Handel', 'Kirchgasse 6', 'Graz', NULL, '8010', 'Autriche', 0.00),
	( 10796, 'HILAA', '1996-01-25', '1996-02-14', 132.00, 'HILARIÓN-Abastos', 'Carrera 22 con Ave. Carlos Soublette #8-35', 'San Cristóbal', 'Táchira', '5022', 'Venezuela', 0.00),
	( 10797, 'DRACD', '1996-01-25', '1996-02-05', 166.00, 'Drachenblut Delikatessen', 'Walserweg 21', 'Aachen', NULL, '52066', 'Allemagne', 0.00),
	( 10798, 'ISLAT', '1996-01-26', '1996-02-05', 11.00, 'Island Trading', 'Garden House Crowther Way', 'Cowes', 'Isle of Wigth', 'PO31 7PJ', 'Royaume-Uni', 0.00),
	( 10799, 'KOENE', '1996-01-26', '1996-02-05', 153.00, 'Königlich Essen', 'Maubelstr. 90', 'Brandenburg', NULL, '14776', 'Allemagne', 0.00),
	( 10800, 'SEVES', '1996-01-26', '1996-02-05', 687.00, 'Seven Seas Imports', '90 Wadhurst Rd.', 'London', NULL, 'OX15 4NB', 'Royaume-Uni', 0.00),
	( 10801, 'BOLID', '1996-01-29', '1996-01-31', 485.00, 'Bólido Comidas preparadas', 'C/ Araquil, 67', 'Madrid', NULL, '28023', 'Espagne', 0.00),
	( 10802, 'SIMOB', '1996-01-29', '1996-02-02', 1286.00, 'Simons bistro', 'Vinbæltet 34', 'København', NULL, '1734', 'Danemark', 0.00),
	( 10803, 'WELLI', '1996-01-30', '1996-02-06', 276.00, 'Wellington Importadora', 'Rua do Mercado, 12', 'Resende', 'SP', '08737-363', 'Brésil', 0.00),
	( 10804, 'SEVES', '1996-01-30', '1996-02-07', 136.00, 'Seven Seas Imports', '90 Wadhurst Rd.', 'London', NULL, 'OX15 4NB', 'Royaume-Uni', 0.00),
	( 10805, 'THEBI', '1996-01-30', '1996-02-09', 1186.00, 'The Big Cheese', '89 Jefferson Way Suite 2', 'Portland', 'OR', '97201', 'Etats-Unis', 0.00),
	( 10806, 'VICTE', '1996-01-31', '1996-02-05', 110.00, 'Victuailles en stock', '2, rue du Commerce', 'Lyon', NULL, '69004', 'France', 0.00),
	( 10807, 'FRANS', '1996-01-31', '1996-03-01', 6.00, 'Franchi S.p.A.', 'Via Monte Bianco 34', 'Torino', NULL, '10100', 'Italie', 0.00),
	( 10808, 'OLDWO', '1996-02-01', '1996-02-09', 227.00, 'Old World Delicatessen', '2743 Bering St.', 'Anchorage', 'AK', '99508', 'Etats-Unis', 0.00),
	( 10809, 'WELLI', '1996-02-01', '1996-02-07', 24.00, 'Wellington Importadora', 'Rua do Mercado, 12', 'Resende', 'SP', '08737-363', 'Brésil', 0.00),
	( 10810, 'LAUGB', '1996-02-01', '1996-02-07', 21.00, 'Laughing Bacchus Wine Cellars', '2319 Elm St.', 'Vancouver', 'BC', 'V3F 2K1', 'Canada', 0.00),
	( 10811, 'LINOD', '1996-02-02', '1996-02-08', 156.00, 'LINO-Delicateses', 'Ave. 5 de Mayo Porlamar', 'I. de Margarita', 'Nueva Esparta', '4980', 'Venezuela', 0.00),
	( 10812, 'REGGC', '1996-02-02', '1996-02-12', 298.00, 'Reggiani Caseifici', 'Strada Provinciale 124', 'Reggio Emilia', NULL, '42100', 'Italie', 0.00),
	( 10813, 'RICAR', '1996-02-05', '1996-02-09', 236.00, 'Ricardo Adocicados', 'Av. Copacabana, 267', 'Rio de Janeiro', 'RJ', '02389-890', 'Brésil', 0.00),
	( 10814, 'VICTE', '1996-02-05', '1996-02-14', 654.00, 'Victuailles en stock', '2, rue du Commerce', 'Lyon', NULL, '69004', 'France', 0.00),
	( 10815, 'SAVEA', '1996-02-05', '1996-02-14', 73.00, 'Save-a-lot Markets', '187 Suffolk Ln.', 'Boise', 'ID', '83720', 'Etats-Unis', 0.00),
	( 10816, 'GREAL', '1996-02-06', '1996-03-06', 3598.00, 'Great Lakes Food Market', '2732 Baker Blvd.', 'Eugene', 'OR', '97403', 'Etats-Unis', 0.00),
	( 10817, 'KOENE', '1996-02-06', '1996-02-13', 1530.00, 'Königlich Essen', 'Maubelstr. 90', 'Brandenburg', NULL, '14776', 'Allemagne', 0.00),
	( 10818, 'MAGAA', '1996-02-07', '1996-02-12', 327.00, 'Magazzini Alimentari Riuniti', 'Via Ludovico il Moro 22', 'Bergamo', NULL, '24100', 'Italie', 0.00),
	( 10819, 'CACTU', '1996-02-07', '1996-02-16', 98.00, 'Cactus Comidas para llevar', 'Cerrito 333', 'Buenos Aires', NULL, '1010', 'Argentine', 0.00),
	( 10820, 'RATTC', '1996-02-07', '1996-02-13', 187.00, 'Rattlesnake Canyon Grocery', '2817 Milton Dr.', 'Albuquerque', 'NM', '87110', 'Etats-Unis', 0.00),
	( 10821, 'SPLIR', '1996-02-08', '1996-02-15', 183.00, 'Split Rail Beer & Ale', 'P.O. Box 555', 'Lander', 'WY', '82520', 'Etats-Unis', 0.00),
	( 10822, 'TRAIH', '1996-02-08', '1996-02-16', 35.00, 'Trail''s Head Gourmet Provisioners', '722 DaVinci Blvd.', 'Kirkland', 'WA', '98034', 'Etats-Unis', 0.00),
	( 10823, 'LILAS', '1996-02-09', '1996-02-13', 819.00, 'LILA-Supermercado', 'Carrera 52 con Ave. Bolívar #65-98 Llano Largo', 'Barquisimeto', 'Lara', '3508', 'Venezuela', 0.00),
	( 10824, 'FOLKO', '1996-02-09', '1996-03-01', 6.00, 'Folk och fä HB', 'Åkergatan 24', 'Bräcke', NULL, 'S-844 67', 'Suède', 0.00),
	( 10825, 'DRACD', '1996-02-09', '1996-02-14', 396.00, 'Drachenblut Delikatessen', 'Walserweg 21', 'Aachen', NULL, '52066', 'Allemagne', 0.00),
	( 10826, 'BLONP', '1996-02-12', '1996-03-08', 35.00, 'Blondel père et fils', '24, place Kléber', 'Strasbourg', NULL, '67000', 'France', 0.00),
	( 10827, 'BONAP', '1996-02-12', '1996-03-08', 317.00, 'Bon app''', '12, rue des Bouchers', 'Marseille', NULL, '13008', 'France', 0.00),
	( 10828, 'RANCH', '1996-02-13', '1996-03-06', 454.00, 'Rancho grande', 'Av. del Libertador 900', 'Buenos Aires', NULL, '1010', 'Argentine', 0.00),
	( 10829, 'ISLAT', '1996-02-13', '1996-02-23', 773.00, 'Island Trading', 'Garden House Crowther Way', 'Cowes', 'Isle of Wigth', 'PO31 7PJ', 'Royaume-Uni', 0.00),
	( 10830, 'TRADH', '1996-02-13', '1996-02-21', 409.00, 'Tradição Hipermercados', 'Av. Inês de Castro, 414', 'São Paulo', 'SP', '05634-030', 'Brésil', 0.00),
	( 10831, 'SANTG', '1996-02-14', '1996-02-23', 360.00, 'Santé Gourmet', 'Erling Skakkes gate 78', 'Stavern', NULL, '4110', 'Norvège', 0.00),
	( 10832, 'LAMAI', '1996-02-14', '1996-02-19', 216.00, 'La maison d''Asie', '1 rue Alsace-Lorraine', 'Toulouse', NULL, '31000', 'France', 0.00),
	( 10833, 'OTTIK', '1996-02-15', '1996-02-23', 357.00, 'Ottilies Käseladen', 'Mehrheimerstr. 369', 'Köln', NULL, '50739', 'Allemagne', 0.00),
	( 10834, 'TRADH', '1996-02-15', '1996-02-19', 148.00, 'Tradição Hipermercados', 'Av. Inês de Castro, 414', 'São Paulo', 'SP', '05634-030', 'Brésil', 0.00),
	( 10835, 'ALFKI', '1996-02-15', '1996-02-21', 347.00, 'Alfred''s Futterkiste', 'Obere Str. 57', 'Berlin', NULL, '12209', 'Allemagne', 0.00),
	( 10836, 'ERNSH', '1996-02-16', '1996-02-21', 2059.00, 'Ernst Handel', 'Kirchgasse 6', 'Graz', NULL, '8010', 'Autriche', 0.00),
	( 10837, 'BERGS', '1996-02-16', '1996-02-23', 66.00, 'Berglunds snabbköp', 'Berguvsvägen  8', 'Luleå', NULL, 'S-958 22', 'Suède', 0.00),
	( 10838, 'LINOD', '1996-02-19', '1996-02-23', 296.00, 'LINO-Delicateses', 'Ave. 5 de Mayo Porlamar', 'I. de Margarita', 'Nueva Esparta', '4980', 'Venezuela', 0.00),
	( 10839, 'TRADH', '1996-02-19', '1996-02-22', 177.00, 'Tradição Hipermercados', 'Av. Inês de Castro, 414', 'São Paulo', 'SP', '05634-030', 'Brésil', 0.00),
	( 10840, 'LINOD', '1996-02-19', '1996-03-18', 13.00, 'LINO-Delicateses', 'Ave. 5 de Mayo Porlamar', 'I. de Margarita', 'Nueva Esparta', '4980', 'Venezuela', 0.00),
	( 10841, 'SUPRD', '1996-02-20', '1996-02-29', 2121.00, 'Suprêmes délices', 'Boulevard Tirou, 255', 'Charleroi', NULL, 'B-6000', 'Belgique', 0.00),
	( 10842, 'TORTU', '1996-02-20', '1996-02-29', 272.00, 'Tortuga Restaurante', 'Avda. Azteca 123', 'México D.F.', NULL, '05033', 'Mexique', 0.00),
	( 10843, 'VICTE', '1996-02-21', '1996-02-26', 46.00, 'Victuailles en stock', '2, rue du Commerce', 'Lyon', NULL, '69004', 'France', 0.00),
	( 10844, 'PICCO', '1996-02-21', '1996-02-26', 126.00, 'Piccolo und mehr', 'Geislweg 14', 'Salzburg', NULL, '5020', 'Autriche', 0.00),
	( 10845, 'QUICK', '1996-02-21', '1996-03-01', 1064.00, 'QUICK-Stop', 'Taucherstraße 10', 'Cunewalde', NULL, '01307', 'Allemagne', 0.00),
	( 10846, 'SUPRD', '1996-02-22', '1996-02-23', 282.00, 'Suprêmes délices', 'Boulevard Tirou, 255', 'Charleroi', NULL, 'B-6000', 'Belgique', 0.00),
	( 10847, 'SAVEA', '1996-02-22', '1996-03-12', 2437.00, 'Save-a-lot Markets', '187 Suffolk Ln.', 'Boise', 'ID', '83720', 'Etats-Unis', 0.00),
	( 10848, 'CONSH', '1996-02-23', '1996-02-29', 191.00, 'Consolidated Holdings', 'Berkeley Gardens 12  Brewery', 'London', NULL, 'WX1 6LT', 'Royaume-Uni', 0.00),
	( 10849, 'KOENE', '1996-02-23', '1996-03-01', 2.00, 'Königlich Essen', 'Maubelstr. 90', 'Brandenburg', NULL, '14776', 'Allemagne', 0.00),
	( 10850, 'VICTE', '1996-02-23', '1996-03-01', 245.00, 'Victuailles en stock', '2, rue du Commerce', 'Lyon', NULL, '69004', 'France', 0.00),
	( 10851, 'RICAR', '1996-02-26', '1996-03-04', 802.00, 'Ricardo Adocicados', 'Av. Copacabana, 267', 'Rio de Janeiro', 'RJ', '02389-890', 'Brésil', 0.00),
	( 10852, 'RATTC', '1996-02-26', '1996-03-01', 870.00, 'Rattlesnake Canyon Grocery', '2817 Milton Dr.', 'Albuquerque', 'NM', '87110', 'Etats-Unis', 0.00),
	( 10853, 'BLAUS', '1996-02-27', '1996-03-05', 269.00, 'Blauer See Delikatessen', 'Forsterstr. 57', 'Mannheim', NULL, '68306', 'Allemagne', 0.00),
	( 10854, 'ERNSH', '1996-02-27', '1996-03-07', 501.00, 'Ernst Handel', 'Kirchgasse 6', 'Graz', NULL, '8010', 'Autriche', 0.00),
	( 10855, 'OLDWO', '1996-02-27', '1996-03-06', 854.00, 'Old World Delicatessen', '2743 Bering St.', 'Anchorage', 'AK', '99508', 'Etats-Unis', 0.00),
	( 10856, 'ANTON', '1996-02-28', '1996-03-12', 292.00, 'Antonio Moreno Taquería', 'Mataderos  2312', 'México D.F.', NULL, '05023', 'Mexique', 0.00),
	( 10857, 'BERGS', '1996-02-28', '1996-03-08', 944.00, 'Berglunds snabbköp', 'Berguvsvägen  8', 'Luleå', NULL, 'S-958 22', 'Suède', 0.00),
	( 10858, 'LACOR', '1996-02-29', '1996-03-05', 262.00, 'La corne d''abondance', '67, avenue de l''Europe', 'Versailles', NULL, '78000', 'France', 0.00),
	( 10859, 'FRANK', '1996-02-29', '1996-03-04', 380.00, 'Frankenversand', 'Berliner Platz 43', 'München', NULL, '80805', 'Allemagne', 0.00),
	( 10860, 'FRANR', '1996-02-29', '1996-03-06', 96.00, 'France restauration', '54, rue Royale', 'Nantes', NULL, '44000', 'France', 0.00),
	( 10861, 'WHITC', '1996-03-01', '1996-03-19', 74.00, 'White Clover Markets', '1029 - 12th Ave. S.', 'Seattle', 'WA', '98124', 'Etats-Unis', 0.00),
	( 10862, 'LEHMS', '1996-03-01', '1996-03-04', 266.00, 'Lehmanns Marktstand', 'Magazinweg 7', 'Frankfurt a.M.', NULL, '60528', 'Allemagne', 0.00),
	( 10863, 'HILAA', '1996-03-04', '1996-03-19', 151.00, 'HILARIÓN-Abastos', 'Carrera 22 con Ave. Carlos Soublette #8-35', 'San Cristóbal', 'Táchira', '5022', 'Venezuela', 0.00),
	( 10864, 'AROUT', '1996-03-04', '1996-03-11', 15.00, 'Around the Horn', 'Brook Farm Stratford St. Mary', 'Colchester', 'Essex', 'CO7 6JX', 'Royaume-Uni', 0.00),
	( 10865, 'QUICK', '1996-03-04', '1996-03-14', 1740.00, 'QUICK-Stop', 'Taucherstraße 10', 'Cunewalde', NULL, '01307', 'Allemagne', 0.00),
	( 10866, 'BERGS', '1996-03-05', '1996-03-14', 545.00, 'Berglunds snabbköp', 'Berguvsvägen  8', 'Luleå', NULL, 'S-958 22', 'Suède', 0.00),
	( 10867, 'LONEP', '1996-03-05', '1996-03-13', 9.00, 'Lonesome Pine Restaurant', '89 Chiaroscuro Rd.', 'Portland', 'OR', '97219', 'Etats-Unis', 0.00),
	( 10868, 'QUEEN', '1996-03-06', '1996-03-25', 956.00, 'Queen Cozinha', 'Alameda dos Canàrios, 891', 'São Paulo', 'SP', '05487-020', 'Brésil', 0.00),
	( 10869, 'SEVES', '1996-03-06', '1996-03-11', 716.00, 'Seven Seas Imports', '90 Wadhurst Rd.', 'London', NULL, 'OX15 4NB', 'Royaume-Uni', 0.00),
	( 10870, 'WOLZA', '1996-03-06', '1996-03-15', 60.00, 'Wolski Zajazd', 'ul. Filtrowa 68', 'Warszawa', NULL, '01-012', 'Pologne', 0.00),
	( 10871, 'BONAP', '1996-03-07', '1996-03-12', 561.00, 'Bon app''', '12, rue des Bouchers', 'Marseille', NULL, '13008', 'France', 0.00),
	( 10872, 'GODOS', '1996-03-07', '1996-03-11', 876.00, 'Godos Cocina Típica', 'C/ Romero, 33', 'Sevilla', NULL, '41101', 'Espagne', 0.00),
	( 10873, 'WILMK', '1996-03-08', '1996-03-11', 4.00, 'Wilman Kala', 'Keskuskatu 45', 'Helsinki', NULL, '21240', 'Finlande', 0.00),
	( 10874, 'GODOS', '1996-03-08', '1996-03-13', 97.00, 'Godos Cocina Típica', 'C/ Romero, 33', 'Sevilla', NULL, '41101', 'Espagne', 0.00),
	( 10875, 'BERGS', '1996-03-08', '1996-04-02', 161.00, 'Berglunds snabbköp', 'Berguvsvägen  8', 'Luleå', NULL, 'S-958 22', 'Suède', 0.00),
	( 10876, 'BONAP', '1996-03-11', '1996-03-14', 302.00, 'Bon app''', '12, rue des Bouchers', 'Marseille', NULL, '13008', 'France', 0.00),
	( 10877, 'RICAR', '1996-03-11', '1996-03-21', 190.00, 'Ricardo Adocicados', 'Av. Copacabana, 267', 'Rio de Janeiro', 'RJ', '02389-890', 'Brésil', 0.00),
	( 10878, 'QUICK', '1996-03-12', '1996-03-14', 233.00, 'QUICK-Stop', 'Taucherstraße 10', 'Cunewalde', NULL, '01307', 'Allemagne', 0.00),
	( 10879, 'WILMK', '1996-03-12', '1996-03-14', 42.00, 'Wilman Kala', 'Keskuskatu 45', 'Helsinki', NULL, '21240', 'Finlande', 0.00),
	( 10880, 'FOLKO', '1996-03-12', '1996-03-20', 440.00, 'Folk och fä HB', 'Åkergatan 24', 'Bräcke', NULL, 'S-844 67', 'Suède', 0.00),
	( 10881, 'CACTU', '1996-03-13', '1996-03-20', 14.00, 'Cactus Comidas para llevar', 'Cerrito 333', 'Buenos Aires', NULL, '1010', 'Argentine', 0.00),
	( 10882, 'SAVEA', '1996-03-13', '1996-03-22', 115.00, 'Save-a-lot Markets', '187 Suffolk Ln.', 'Boise', 'ID', '83720', 'Etats-Unis', 0.00),
	( 10883, 'LONEP', '1996-03-14', '1996-03-22', 2.00, 'Lonesome Pine Restaurant', '89 Chiaroscuro Rd.', 'Portland', 'OR', '97219', 'Etats-Unis', 0.00),
	( 10884, 'LETSS', '1996-03-14', '1996-03-15', 454.00, 'Let''s Stop N Shop', '87 Polk St. Suite 5', 'San Francisco', 'CA', '94117', 'Etats-Unis', 0.00),
	( 10885, 'SUPRD', '1996-03-14', '1996-03-20', 28.00, 'Suprêmes délices', 'Boulevard Tirou, 255', 'Charleroi', NULL, 'B-6000', 'Belgique', 0.00),
	( 10886, 'HANAR', '1996-03-15', '1996-04-01', 24.00, 'Hanari Carnes', 'Rua do Paço, 67', 'Rio de Janeiro', 'RJ', '05454-876', 'Brésil', 0.00),
	( 10887, 'GALED', '1996-03-15', '1996-03-18', 6.00, 'Galería del gastronómo', 'Rambla de Cataluña, 23', 'Barcelona', NULL, '8022', 'Espagne', 0.00),
	( 10888, 'GODOS', '1996-03-18', '1996-03-25', 259.00, 'Godos Cocina Típica', 'C/ Romero, 33', 'Sevilla', NULL, '41101', 'Espagne', 0.00),
	( 10889, 'RATTC', '1996-03-18', '1996-03-25', 1403.00, 'Rattlesnake Canyon Grocery', '2817 Milton Dr.', 'Albuquerque', 'NM', '87110', 'Etats-Unis', 0.00),
	( 10890, 'DUMON', '1996-03-18', '1996-03-20', 163.00, 'Du monde entier', '67, rue des Cinquante Otages', 'Nantes', NULL, '44000', 'France', 0.00),
	( 10891, 'LEHMS', '1996-03-19', '1996-03-21', 101.00, 'Lehmanns Marktstand', 'Magazinweg 7', 'Frankfurt a.M.', NULL, '60528', 'Allemagne', 0.00),
	( 10892, 'MAISD', '1996-03-19', '1996-03-21', 601.00, 'Maison Dewey', 'Rue Joseph-Bens 532', 'Bruxelles', NULL, 'B-1180', 'Belgique', 0.00),
	( 10893, 'KOENE', '1996-03-20', '1996-03-22', 388.00, 'Königlich Essen', 'Maubelstr. 90', 'Brandenburg', NULL, '14776', 'Allemagne', 0.00),
	( 10894, 'SAVEA', '1996-03-20', '1996-03-22', 580.00, 'Save-a-lot Markets', '187 Suffolk Ln.', 'Boise', 'ID', '83720', 'Etats-Unis', 0.00),
	( 10895, 'ERNSH', '1996-03-20', '1996-03-25', 813.00, 'Ernst Handel', 'Kirchgasse 6', 'Graz', NULL, '8010', 'Autriche', 0.00),
	( 10896, 'MAISD', '1996-03-21', '1996-03-29', 162.00, 'Maison Dewey', 'Rue Joseph-Bens 532', 'Bruxelles', NULL, 'B-1180', 'Belgique', 0.00),
	( 10897, 'HUNGO', '1996-03-21', '1996-03-27', 3017.00, 'Hungry Owl All-Night Grocers', '8 Johnstown Road', 'Cork', 'Co. Cork', NULL, 'Irlande', 0.00),
	( 10898, 'OCEAN', '1996-03-22', '1996-04-05', 6.00, 'Océano Atlántico Ltda.', 'Ing. Gustavo Moncada 8585 Piso 20-A', 'Buenos Aires', NULL, '1010', 'Argentine', 0.00),
	( 10899, 'LILAS', '1996-03-22', '1996-03-28', 6.00, 'LILA-Supermercado', 'Carrera 52 con Ave. Bolívar #65-98 Llano Largo', 'Barquisimeto', 'Lara', '3508', 'Venezuela', 0.00),
	( 10900, 'WELLI', '1996-03-22', '1996-04-03', 8.00, 'Wellington Importadora', 'Rua do Mercado, 12', 'Resende', 'SP', '08737-363', 'Brésil', 0.00),
	( 10901, 'HILAA', '1996-03-25', '1996-03-28', 310.00, 'HILARIÓN-Abastos', 'Carrera 22 con Ave. Carlos Soublette #8-35', 'San Cristóbal', 'Táchira', '5022', 'Venezuela', 0.00),
	( 10902, 'FOLKO', '1996-03-25', '1996-04-02', 220.00, 'Folk och fä HB', 'Åkergatan 24', 'Bräcke', NULL, 'S-844 67', 'Suède', 0.00),
	( 10903, 'HANAR', '1996-03-26', '1996-04-03', 183.00, 'Hanari Carnes', 'Rua do Paço, 67', 'Rio de Janeiro', 'RJ', '05454-876', 'Brésil', 0.00),
	( 10904, 'WHITC', '1996-03-26', '1996-03-29', 814.00, 'White Clover Markets', '1029 - 12th Ave. S.', 'Seattle', 'WA', '98124', 'Etats-Unis', 0.00),
	( 10905, 'WELLI', '1996-03-26', '1996-04-05', 68.00, 'Wellington Importadora', 'Rua do Mercado, 12', 'Resende', 'SP', '08737-363', 'Brésil', 0.00),
	( 10906, 'WOLZA', '1996-03-27', '1996-04-02', 131.00, 'Wolski Zajazd', 'ul. Filtrowa 68', 'Warszawa', NULL, '01-012', 'Pologne', 0.00),
	( 10907, 'SPECD', '1996-03-27', '1996-03-29', 45.00, 'Spécialités du monde', '25, rue Lauriston', 'Paris', NULL, '75016', 'France', 0.00),
	( 10908, 'REGGC', '1996-03-28', '1996-04-05', 164.00, 'Reggiani Caseifici', 'Strada Provinciale 124', 'Reggio Emilia', NULL, '42100', 'Italie', 0.00),
	( 10909, 'SANTG', '1996-03-28', '1996-04-09', 265.00, 'Santé Gourmet', 'Erling Skakkes gate 78', 'Stavern', NULL, '4110', 'Norvège', 0.00),
	( 10910, 'WILMK', '1996-03-28', '1996-04-03', 190.00, 'Wilman Kala', 'Keskuskatu 45', 'Helsinki', NULL, '21240', 'Finlande', 0.00),
	( 10911, 'GODOS', '1996-03-28', '1996-04-04', 190.00, 'Godos Cocina Típica', 'C/ Romero, 33', 'Sevilla', NULL, '41101', 'Espagne', 0.00),
	( 10912, 'HUNGO', '1996-03-28', '1996-04-17', 2904.00, 'Hungry Owl All-Night Grocers', '8 Johnstown Road', 'Cork', 'Co. Cork', NULL, 'Irlande', 0.00),
	( 10913, 'QUEEN', '1996-03-28', '1996-04-03', 165.00, 'Queen Cozinha', 'Alameda dos Canàrios, 891', 'São Paulo', 'SP', '05487-020', 'Brésil', 0.00),
	( 10914, 'QUEEN', '1996-03-29', '1996-04-01', 105.00, 'Queen Cozinha', 'Alameda dos Canàrios, 891', 'São Paulo', 'SP', '05487-020', 'Brésil', 0.00),
	( 10915, 'TORTU', '1996-03-29', '1996-04-01', 17.00, 'Tortuga Restaurante', 'Avda. Azteca 123', 'México D.F.', NULL, '05033', 'Mexique', 0.00),
	( 10916, 'RANCH', '1996-03-29', '1996-04-08', 318.00, 'Rancho grande', 'Av. del Libertador 900', 'Buenos Aires', NULL, '1010', 'Argentine', 0.00),
	( 10917, 'ROMEY', '1996-04-01', '1996-04-10', 41.00, 'Romero y tomillo', 'Gran Vía, 1', 'Madrid', NULL, '28001', 'Espagne', 0.00),
	( 10918, 'BOTTM', '1996-04-01', '1996-04-10', 244.00, 'Bottom-Dollar Markets', '23 Tsawassen Blvd.', 'Tsawassen', 'BC', 'T2F 8M4', 'Canada', 0.00),
	( 10919, 'LINOD', '1996-04-01', '1996-04-03', 99.00, 'LINO-Delicateses', 'Ave. 5 de Mayo Porlamar', 'I. de Margarita', 'Nueva Esparta', '4980', 'Venezuela', 0.00),
	( 10920, 'AROUT', '1996-04-02', '1996-04-08', 148.00, 'Around the Horn', 'Brook Farm Stratford St. Mary', 'Colchester', 'Essex', 'CO7 6JX', 'Royaume-Uni', 0.00),
	( 10921, 'VAFFE', '1996-04-02', '1996-04-08', 882.00, 'Vaffeljernet', 'Smagsløget 45', 'Århus', NULL, '8200', 'Danemark', 0.00),
	( 10922, 'HANAR', '1996-04-02', '1996-04-04', 313.00, 'Hanari Carnes', 'Rua do Paço, 67', 'Rio de Janeiro', 'RJ', '05454-876', 'Brésil', 0.00),
	( 10923, 'LAMAI', '1996-04-02', '1996-04-12', 341.00, 'La maison d''Asie', '1 rue Alsace-Lorraine', 'Toulouse', NULL, '31000', 'France', 0.00),
	( 10924, 'BERGS', '1996-04-03', '1996-05-08', 757.00, 'Berglunds snabbköp', 'Berguvsvägen  8', 'Luleå', NULL, 'S-958 22', 'Suède', 0.00),
	( 10925, 'HANAR', '1996-04-03', '1996-04-12', 11.00, 'Hanari Carnes', 'Rua do Paço, 67', 'Rio de Janeiro', 'RJ', '05454-876', 'Brésil', 0.00),
	( 10926, 'ANATR', '1996-04-03', '1996-04-10', 199.00, 'Ana Trujillo Emparedados y helados', 'Avda. de la Constitución 2222', 'México D.F.', NULL, '05021', 'Mexique', 0.00),
	( 10927, 'LACOR', '1996-04-04', '1996-05-08', 98.00, 'La corne d''abondance', '67, avenue de l''Europe', 'Versailles', NULL, '78000', 'France', 0.00),
	( 10928, 'GALED', '1996-04-04', '1996-04-17', 6.00, 'Galería del gastronómo', 'Rambla de Cataluña, 23', 'Barcelona', NULL, '8022', 'Espagne', 0.00),
	( 10929, 'FRANK', '1996-04-04', '1996-04-11', 169.00, 'Frankenversand', 'Berliner Platz 43', 'München', NULL, '80805', 'Allemagne', 0.00),
	( 10930, 'SUPRD', '1996-04-05', '1996-04-17', 77.00, 'Suprêmes délices', 'Boulevard Tirou, 255', 'Charleroi', NULL, 'B-6000', 'Belgique', 0.00),
	( 10931, 'RICSU', '1996-04-05', '1996-04-18', 68.00, 'Richter Supermarkt', 'Starenweg 5', 'Genève', NULL, '1204', 'Suisse', 0.00),
	( 10932, 'BONAP', '1996-04-05', '1996-04-23', 673.00, 'Bon app''', '12, rue des Bouchers', 'Marseille', NULL, '13008', 'France', 0.00),
	( 10933, 'ISLAT', '1996-04-05', '1996-04-15', 270.00, 'Island Trading', 'Garden House Crowther Way', 'Cowes', 'Isle of Wigth', 'PO31 7PJ', 'Royaume-Uni', 0.00),
	( 10934, 'LEHMS', '1996-04-08', '1996-04-11', 160.00, 'Lehmanns Marktstand', 'Magazinweg 7', 'Frankfurt a.M.', NULL, '60528', 'Allemagne', 0.00),
	( 10935, 'WELLI', '1996-04-08', '1996-04-17', 237.00, 'Wellington Importadora', 'Rua do Mercado, 12', 'Resende', 'SP', '08737-363', 'Brésil', 0.00),
	( 10936, 'GREAL', '1996-04-08', '1996-04-17', 168.00, 'Great Lakes Food Market', '2732 Baker Blvd.', 'Eugene', 'OR', '97403', 'Etats-Unis', 0.00),
	( 10937, 'CACTU', '1996-04-09', '1996-04-12', 157.00, 'Cactus Comidas para llevar', 'Cerrito 333', 'Buenos Aires', NULL, '1010', 'Argentine', 0.00),
	( 10938, 'QUICK', '1996-04-09', '1996-04-15', 159.00, 'QUICK-Stop', 'Taucherstraße 10', 'Cunewalde', NULL, '01307', 'Allemagne', 0.00),
	( 10939, 'MAGAA', '1996-04-09', '1996-04-12', 381.00, 'Magazzini Alimentari Riuniti', 'Via Ludovico il Moro 22', 'Bergamo', NULL, '24100', 'Italie', 0.00),
	( 10940, 'BONAP', '1996-04-10', '1996-04-22', 98.00, 'Bon app''', '12, rue des Bouchers', 'Marseille', NULL, '13008', 'France', 0.00),
	( 10941, 'SAVEA', '1996-04-10', '1996-04-19', 2004.00, 'Save-a-lot Markets', '187 Suffolk Ln.', 'Boise', 'ID', '83720', 'Etats-Unis', 0.00),
	( 10942, 'REGGC', '1996-04-10', '1996-04-17', 89.00, 'Reggiani Caseifici', 'Strada Provinciale 124', 'Reggio Emilia', NULL, '42100', 'Italie', 0.00),
	( 10943, 'BSBEV', '1996-04-10', '1996-04-18', 10.00, 'B''s Beverages', 'Fauntleroy Circus', 'London', NULL, 'EC2 5NT', 'Royaume-Uni', 0.00),
	( 10944, 'BOTTM', '1996-04-11', '1996-04-12', 264.00, 'Bottom-Dollar Markets', '23 Tsawassen Blvd.', 'Tsawassen', 'BC', 'T2F 8M4', 'Canada', 0.00),
	( 10945, 'MORGK', '1996-04-11', '1996-04-17', 51.00, 'Morgenstern Gesundkost', 'Heerstr. 22', 'Leipzig', NULL, '04179', 'Allemagne', 0.00),
	( 10946, 'VAFFE', '1996-04-11', '1996-04-18', 136.00, 'Vaffeljernet', 'Smagsløget 45', 'Århus', NULL, '8200', 'Danemark', 0.00),
	( 10947, 'BSBEV', '1996-04-12', '1996-04-15', 16.00, 'B''s Beverages', 'Fauntleroy Circus', 'London', NULL, 'EC2 5NT', 'Royaume-Uni', 0.00),
	( 10948, 'GODOS', '1996-04-12', '1996-04-18', 116.00, 'Godos Cocina Típica', 'C/ Romero, 33', 'Sevilla', NULL, '41101', 'Espagne', 0.00),
	( 10949, 'BOTTM', '1996-04-12', '1996-04-16', 372.00, 'Bottom-Dollar Markets', '23 Tsawassen Blvd.', 'Tsawassen', 'BC', 'T2F 8M4', 'Canada', 0.00),
	( 10950, 'MAGAA', '1996-04-15', '1996-04-22', 12.00, 'Magazzini Alimentari Riuniti', 'Via Ludovico il Moro 22', 'Bergamo', NULL, '24100', 'Italie', 0.00),
	( 10951, 'RICSU', '1996-04-15', '1996-05-07', 154.00, 'Richter Supermarkt', 'Starenweg 5', 'Genève', NULL, '1204', 'Suisse', 0.00),
	( 10952, 'ALFKI', '1996-04-15', '1996-04-23', 202.00, 'Alfred''s Futterkiste', 'Obere Str. 57', 'Berlin', NULL, '12209', 'Allemagne', 0.00),
	( 10953, 'AROUT', '1996-04-15', '1996-04-24', 118.00, 'Around the Horn', 'Brook Farm Stratford St. Mary', 'Colchester', 'Essex', 'CO7 6JX', 'Royaume-Uni', 0.00),
	( 10954, 'LINOD', '1996-04-16', '1996-04-19', 139.00, 'LINO-Delicateses', 'Ave. 5 de Mayo Porlamar', 'I. de Margarita', 'Nueva Esparta', '4980', 'Venezuela', 0.00),
	( 10955, 'FOLKO', '1996-04-16', '1996-04-19', 16.00, 'Folk och fä HB', 'Åkergatan 24', 'Bräcke', NULL, 'S-844 67', 'Suède', 0.00),
	( 10956, 'BLAUS', '1996-04-16', '1996-04-19', 223.00, 'Blauer See Delikatessen', 'Forsterstr. 57', 'Mannheim', NULL, '68306', 'Allemagne', 0.00),
	( 10957, 'HILAA', '1996-04-17', '1996-04-26', 526.00, 'HILARIÓN-Abastos', 'Carrera 22 con Ave. Carlos Soublette #8-35', 'San Cristóbal', 'Táchira', '5022', 'Venezuela', 0.00),
	( 10958, 'OCEAN', '1996-04-17', '1996-04-26', 247.00, 'Océano Atlántico Ltda.', 'Ing. Gustavo Moncada 8585 Piso 20-A', 'Buenos Aires', NULL, '1010', 'Argentine', 0.00),
	( 10959, 'GOURL', '1996-04-17', '1996-04-22', 24.00, 'Gourmet Lanchonetes', 'Av. Brasil, 442', 'Campinas', 'SP', '04876-786', 'Brésil', 0.00),
	( 10960, 'HILAA', '1996-04-18', '1996-05-08', 10.00, 'HILARIÓN-Abastos', 'Carrera 22 con Ave. Carlos Soublette #8-35', 'San Cristóbal', 'Táchira', '5022', 'Venezuela', 0.00),
	( 10961, 'QUEEN', '1996-04-18', '1996-04-29', 522.00, 'Queen Cozinha', 'Alameda dos Canàrios, 891', 'São Paulo', 'SP', '05487-020', 'Brésil', 0.00),
	( 10962, 'QUICK', '1996-04-18', '1996-04-22', 1378.00, 'QUICK-Stop', 'Taucherstraße 10', 'Cunewalde', NULL, '01307', 'Allemagne', 0.00),
	( 10963, 'FURIB', '1996-04-18', '1996-04-25', 13.00, 'Furia Bacalhau e Frutos do Mar', 'Jardim das rosas n. 32', 'Lisboa', NULL, '1675', 'Portugal', 0.00),
	( 10964, 'SPECD', '1996-04-19', '1996-04-23', 436.00, 'Spécialités du monde', '25, rue Lauriston', 'Paris', NULL, '75016', 'France', 0.00),
	( 10965, 'OLDWO', '1996-04-19', '1996-04-29', 721.00, 'Old World Delicatessen', '2743 Bering St.', 'Anchorage', 'AK', '99508', 'Etats-Unis', 0.00),
	( 10966, 'CHOPS', '1996-04-19', '1996-05-08', 135.00, 'Chop-suey Chinese', 'Hauptstr. 31', 'Bern', NULL, '3012', 'Suisse', 0.00),
	( 10967, 'TOMSP', '1996-04-22', '1996-05-02', 311.00, 'Toms Spezialitäten', 'Luisenstr. 48', 'Münster', NULL, '44087', 'Allemagne', 0.00),
	( 10968, 'ERNSH', '1996-04-22', '1996-05-01', 373.00, 'Ernst Handel', 'Kirchgasse 6', 'Graz', NULL, '8010', 'Autriche', 0.00),
	( 10969, 'COMMI', '1996-04-22', '1996-04-29', 1.00, 'Comércio Mineiro', 'Av. dos Lusíadas, 23', 'São Paulo', 'SP', '05432-043', 'Brésil', 0.00),
	( 10970, 'BOLID', '1996-04-23', '1996-05-24', 80.00, 'Bólido Comidas preparadas', 'C/ Araquil, 67', 'Madrid', NULL, '28023', 'Espagne', 0.00),
	( 10971, 'FRANR', '1996-04-23', '1996-05-02', 609.00, 'France restauration', '54, rue Royale', 'Nantes', NULL, '44000', 'France', 0.00),
	( 10972, 'LACOR', '1996-04-23', '1996-04-25', 0.00, 'La corne d''abondance', '67, avenue de l''Europe', 'Versailles', NULL, '78000', 'France', 0.00),
	( 10973, 'LACOR', '1996-04-23', '1996-04-26', 75.00, 'La corne d''abondance', '67, avenue de l''Europe', 'Versailles', NULL, '78000', 'France', 0.00),
	( 10974, 'SPLIR', '1996-04-24', '1996-05-03', 64.00, 'Split Rail Beer & Ale', 'P.O. Box 555', 'Lander', 'WY', '82520', 'Etats-Unis', 0.00),
	( 10975, 'BOTTM', '1996-04-24', '1996-04-26', 161.00, 'Bottom-Dollar Markets', '23 Tsawassen Blvd.', 'Tsawassen', 'BC', 'T2F 8M4', 'Canada', 0.00),
	( 10976, 'HILAA', '1996-04-24', '1996-05-03', 189.00, 'HILARIÓN-Abastos', 'Carrera 22 con Ave. Carlos Soublette #8-35', 'San Cristóbal', 'Táchira', '5022', 'Venezuela', 0.00),
	( 10977, 'FOLKO', '1996-04-25', '1996-05-10', 1042.00, 'Folk och fä HB', 'Åkergatan 24', 'Bräcke', NULL, 'S-844 67', 'Suède', 0.00),
	( 10978, 'MAISD', '1996-04-25', '1996-05-23', 164.00, 'Maison Dewey', 'Rue Joseph-Bens 532', 'Bruxelles', NULL, 'B-1180', 'Belgique', 0.00),
	( 10979, 'ERNSH', '1996-04-25', '1996-04-30', 1765.00, 'Ernst Handel', 'Kirchgasse 6', 'Graz', NULL, '8010', 'Autriche', 0.00),
	( 10980, 'FOLKO', '1996-04-26', '1996-05-17', 6.00, 'Folk och fä HB', 'Åkergatan 24', 'Bräcke', NULL, 'S-844 67', 'Suède', 0.00),
	( 10981, 'HANAR', '1996-04-26', '1996-05-02', 966.00, 'Hanari Carnes', 'Rua do Paço, 67', 'Rio de Janeiro', 'RJ', '05454-876', 'Brésil', 0.00),
	( 10982, 'BOTTM', '1996-04-26', '1996-05-08', 70.00, 'Bottom-Dollar Markets', '23 Tsawassen Blvd.', 'Tsawassen', 'BC', 'T2F 8M4', 'Canada', 0.00),
	( 10983, 'SAVEA', '1996-04-26', '1996-05-06', 3287.00, 'Save-a-lot Markets', '187 Suffolk Ln.', 'Boise', 'ID', '83720', 'Etats-Unis', 0.00),
	( 10984, 'SAVEA', '1996-04-29', '1996-05-03', 1056.00, 'Save-a-lot Markets', '187 Suffolk Ln.', 'Boise', 'ID', '83720', 'Etats-Unis', 0.00),
	( 10985, 'HUNGO', '1996-04-29', '1996-05-02', 457.00, 'Hungry Owl All-Night Grocers', '8 Johnstown Road', 'Cork', 'Co. Cork', NULL, 'Irlande', 0.00),
	( 10986, 'OCEAN', '1996-04-29', '1996-05-21', 1089.00, 'Océano Atlántico Ltda.', 'Ing. Gustavo Moncada 8585 Piso 20-A', 'Buenos Aires', NULL, '1010', 'Argentine', 0.00),
	( 10987, 'EASTC', '1996-04-30', '1996-05-06', 927.00, 'Eastern Connection', '35 King George', 'London', NULL, 'WX3 6FW', 'Royaume-Uni', 0.00),
	( 10988, 'RATTC', '1996-04-30', '1996-05-10', 305.00, 'Rattlesnake Canyon Grocery', '2817 Milton Dr.', 'Albuquerque', 'NM', '87110', 'Etats-Unis', 0.00),
	( 10989, 'QUEDE', '1996-04-30', '1996-05-02', 173.00, 'Que Delícia', 'Rua da Panificadora, 12', 'Rio de Janeiro', 'RJ', '02389-673', 'Brésil', 0.00),
	( 10990, 'ERNSH', '1996-05-01', '1996-05-07', 588.00, 'Ernst Handel', 'Kirchgasse 6', 'Graz', NULL, '8010', 'Autriche', 0.00),
	( 10991, 'QUICK', '1996-05-01', '1996-05-07', 192.00, 'QUICK-Stop', 'Taucherstraße 10', 'Cunewalde', NULL, '01307', 'Allemagne', 0.00),
	( 10992, 'THEBI', '1996-05-01', '1996-05-03', 21.00, 'The Big Cheese', '89 Jefferson Way Suite 2', 'Portland', 'OR', '97201', 'Etats-Unis', 0.00),
	( 10993, 'FOLKO', '1996-05-01', '1996-05-10', 44.00, 'Folk och fä HB', 'Åkergatan 24', 'Bräcke', NULL, 'S-844 67', 'Suède', 0.00),
	( 10994, 'VAFFE', '1996-05-02', '1996-05-09', 327.00, 'Vaffeljernet', 'Smagsløget 45', 'Århus', NULL, '8200', 'Danemark', 0.00),
	( 10995, 'PERIC', '1996-05-02', '1996-05-06', 230.00, 'Pericles Comidas clásicas', 'Calle Dr. Jorge Cash 321', 'México D.F.', NULL, '05033', 'Mexique', 0.00),
	( 10996, 'QUICK', '1996-05-02', '1996-05-10', 5.00, 'QUICK-Stop', 'Taucherstraße 10', 'Cunewalde', NULL, '01307', 'Allemagne', 0.00),
	( 10997, 'LILAS', '1996-05-03', '1996-05-13', 369.00, 'LILA-Supermercado', 'Carrera 52 con Ave. Bolívar #65-98 Llano Largo', 'Barquisimeto', 'Lara', '3508', 'Venezuela', 0.00),
	( 10998, 'WOLZA', '1996-05-03', '1996-05-17', 101.00, 'Wolski Zajazd', 'ul. Filtrowa 68', 'Warszawa', NULL, '01-012', 'Pologne', 0.00),
	( 10999, 'OTTIK', '1996-05-03', '1996-05-10', 481.00, 'Ottilies Käseladen', 'Mehrheimerstr. 369', 'Köln', NULL, '50739', 'Allemagne', 0.00),
	( 11000, 'RATTC', '1996-05-06', '1996-05-14', 275.00, 'Rattlesnake Canyon Grocery', '2817 Milton Dr.', 'Albuquerque', 'NM', '87110', 'Etats-Unis', 0.00),
	( 11001, 'FOLKO', '1996-05-06', '1996-05-14', 986.00, 'Folk och fä HB', 'Åkergatan 24', 'Bräcke', NULL, 'S-844 67', 'Suède', 0.00),
	( 11002, 'SAVEA', '1996-05-06', '1996-05-16', 705.00, 'Save-a-lot Markets', '187 Suffolk Ln.', 'Boise', 'ID', '83720', 'Etats-Unis', 0.00),
	( 11003, 'THECR', '1996-05-06', '1996-05-08', 74.00, 'The Cracker Box', '55 Grizzly Peak Rd.', 'Butte', 'MT', '59801', 'Etats-Unis', 0.00),
	( 11004, 'MAISD', '1996-05-07', '1996-05-20', 224.00, 'Maison Dewey', 'Rue Joseph-Bens 532', 'Bruxelles', NULL, 'B-1180', 'Belgique', 0.00),
	( 11005, 'WILMK', '1996-05-07', '1996-05-10', 3.00, 'Wilman Kala', 'Keskuskatu 45', 'Helsinki', NULL, '21240', 'Finlande', 0.00),
	( 11006, 'GREAL', '1996-05-07', '1996-05-15', 125.00, 'Great Lakes Food Market', '2732 Baker Blvd.', 'Eugene', 'OR', '97403', 'Etats-Unis', 0.00),
	( 11007, 'PRINI', '1996-05-08', '1996-05-13', 1011.00, 'Princesa Isabel Vinhos', 'Estrada da saúde n. 58', 'Lisboa', NULL, '1756', 'Portugal', 0.00),
	( 11008, 'ERNSH', '1996-05-08', NULL, 397.00, 'Ernst Handel', 'Kirchgasse 6', 'Graz', NULL, '8010', 'Autriche', 0.00),
	( 11009, 'GODOS', '1996-05-08', '1996-05-10', 295.00, 'Godos Cocina Típica', 'C/ Romero, 33', 'Sevilla', NULL, '41101', 'Espagne', 0.00),
	( 11010, 'REGGC', '1996-05-09', '1996-05-21', 143.00, 'Reggiani Caseifici', 'Strada Provinciale 124', 'Reggio Emilia', NULL, '42100', 'Italie', 0.00),
	( 11011, 'ALFKI', '1996-05-09', '1996-05-13', 6.00, 'Alfred''s Futterkiste', 'Obere Str. 57', 'Berlin', NULL, '12209', 'Allemagne', 0.00),
	( 11012, 'FRANK', '1996-05-09', '1996-05-17', 1214.00, 'Frankenversand', 'Berliner Platz 43', 'München', NULL, '80805', 'Allemagne', 0.00),
	( 11013, 'ROMEY', '1996-05-09', '1996-05-10', 164.00, 'Romero y tomillo', 'Gran Vía, 1', 'Madrid', NULL, '28001', 'Espagne', 0.00),
	( 11014, 'LINOD', '1996-05-10', '1996-05-15', 118.00, 'LINO-Delicateses', 'Ave. 5 de Mayo Porlamar', 'I. de Margarita', 'Nueva Esparta', '4980', 'Venezuela', 0.00),
	( 11015, 'SANTG', '1996-05-10', '1996-05-20', 23.00, 'Santé Gourmet', 'Erling Skakkes gate 78', 'Stavern', NULL, '4110', 'Norvège', 0.00),
	( 11016, 'AROUT', '1996-05-10', '1996-05-13', 169.00, 'Around the Horn', 'Brook Farm Stratford St. Mary', 'Colchester', 'Essex', 'CO7 6JX', 'Royaume-Uni', 0.00),
	( 11017, 'ERNSH', '1996-05-13', '1996-05-20', 3771.00, 'Ernst Handel', 'Kirchgasse 6', 'Graz', NULL, '8010', 'Autriche', 0.00),
	( 11018, 'LONEP', '1996-05-13', '1996-05-16', 58.00, 'Lonesome Pine Restaurant', '89 Chiaroscuro Rd.', 'Portland', 'OR', '97219', 'Etats-Unis', 0.00),
	( 11019, 'RANCH', '1996-05-13', NULL, 15.00, 'Rancho grande', 'Av. del Libertador 900', 'Buenos Aires', NULL, '1010', 'Argentine', 0.00),
	( 11020, 'OTTIK', '1996-05-14', '1996-05-16', 216.00, 'Ottilies Käseladen', 'Mehrheimerstr. 369', 'Köln', NULL, '50739', 'Allemagne', 0.00),
	( 11021, 'QUICK', '1996-05-14', '1996-05-21', 1485.00, 'QUICK-Stop', 'Taucherstraße 10', 'Cunewalde', NULL, '01307', 'Allemagne', 0.00),
	( 11022, 'HANAR', '1996-05-14', '1996-06-03', 31.00, 'Hanari Carnes', 'Rua do Paço, 67', 'Rio de Janeiro', 'RJ', '05454-876', 'Brésil', 0.00),
	( 11023, 'BSBEV', '1996-05-14', '1996-05-24', 619.00, 'B''s Beverages', 'Fauntleroy Circus', 'London', NULL, 'EC2 5NT', 'Royaume-Uni', 0.00),
	( 11024, 'EASTC', '1996-05-15', '1996-05-20', 371.00, 'Eastern Connection', '35 King George', 'London', NULL, 'WX3 6FW', 'Royaume-Uni', 0.00),
	( 11025, 'WARTH', '1996-05-15', '1996-05-24', 145.00, 'Wartian Herkku', 'Torikatu 38', 'Oulu', NULL, '90110', 'Finlande', 0.00),
	( 11026, 'FRANS', '1996-05-15', '1996-05-28', 235.00, 'Franchi S.p.A.', 'Via Monte Bianco 34', 'Torino', NULL, '10100', 'Italie', 0.00),
	( 11027, 'BOTTM', '1996-05-16', '1996-05-20', 262.00, 'Bottom-Dollar Markets', '23 Tsawassen Blvd.', 'Tsawassen', 'BC', 'T2F 8M4', 'Canada', 0.00),
	( 11028, 'KOENE', '1996-05-16', '1996-05-22', 147.00, 'Königlich Essen', 'Maubelstr. 90', 'Brandenburg', NULL, '14776', 'Allemagne', 0.00),
	( 11029, 'CHOPS', '1996-05-16', '1996-05-27', 239.00, 'Chop-suey Chinese', 'Hauptstr. 31', 'Bern', NULL, '3012', 'Suisse', 0.00),
	( 11030, 'SAVEA', '1996-05-17', '1996-05-27', 4153.00, 'Save-a-lot Markets', '187 Suffolk Ln.', 'Boise', 'ID', '83720', 'Etats-Unis', 0.00),
	( 11031, 'SAVEA', '1996-05-17', '1996-05-24', 1136.00, 'Save-a-lot Markets', '187 Suffolk Ln.', 'Boise', 'ID', '83720', 'Etats-Unis', 0.00),
	( 11032, 'WHITC', '1996-05-17', '1996-05-23', 3030.00, 'White Clover Markets', '1029 - 12th Ave. S.', 'Seattle', 'WA', '98124', 'Etats-Unis', 0.00),
	( 11033, 'RICSU', '1996-05-17', '1996-05-23', 423.00, 'Richter Supermarkt', 'Starenweg 5', 'Genève', NULL, '1204', 'Suisse', 0.00),
	( 11034, 'OLDWO', '1996-05-20', '1996-05-27', 201.00, 'Old World Delicatessen', '2743 Bering St.', 'Anchorage', 'AK', '99508', 'Etats-Unis', 0.00),
	( 11035, 'SUPRD', '1996-05-20', '1996-05-24', 0.00, 'Suprêmes délices', 'Boulevard Tirou, 255', 'Charleroi', NULL, 'B-6000', 'Belgique', 0.00),
	( 11036, 'DRACD', '1996-05-20', '1996-05-22', 747.00, 'Drachenblut Delikatessen', 'Walserweg 21', 'Aachen', NULL, '52066', 'Allemagne', 0.00),
	( 11037, 'GODOS', '1996-05-21', '1996-05-27', 16.00, 'Godos Cocina Típica', 'C/ Romero, 33', 'Sevilla', NULL, '41101', 'Espagne', 0.00),
	( 11038, 'SUPRD', '1996-05-21', '1996-05-30', 147.00, 'Suprêmes délices', 'Boulevard Tirou, 255', 'Charleroi', NULL, 'B-6000', 'Belgique', 0.00),
	( 11039, 'LINOD', '1996-05-21', NULL, 325.00, 'LINO-Delicateses', 'Ave. 5 de Mayo Porlamar', 'I. de Margarita', 'Nueva Esparta', '4980', 'Venezuela', 0.00),
	( 11040, 'GREAL', '1996-05-22', NULL, 94.00, 'Great Lakes Food Market', '2732 Baker Blvd.', 'Eugene', 'OR', '97403', 'Etats-Unis', 0.00),
	( 11041, 'CHOPS', '1996-05-22', '1996-05-28', 241.00, 'Chop-suey Chinese', 'Hauptstr. 31', 'Bern', NULL, '3012', 'Suisse', 0.00),
	( 11042, 'COMMI', '1996-05-22', '1996-05-31', 149.00, 'Comércio Mineiro', 'Av. dos Lusíadas, 23', 'São Paulo', 'SP', '05432-043', 'Brésil', 0.00),
	( 11043, 'SPECD', '1996-05-22', '1996-05-29', 44.00, 'Spécialités du monde', '25, rue Lauriston', 'Paris', NULL, '75016', 'France', 0.00),
	( 11044, 'WOLZA', '1996-05-23', '1996-05-31', 43.00, 'Wolski Zajazd', 'ul. Filtrowa 68', 'Warszawa', NULL, '01-012', 'Pologne', 0.00),
	( 11045, 'BOTTM', '1996-05-23', NULL, 352.00, 'Bottom-Dollar Markets', '23 Tsawassen Blvd.', 'Tsawassen', 'BC', 'T2F 8M4', 'Canada', 0.00),
	( 11046, 'WANDK', '1996-05-23', '1996-05-24', 358.00, 'Die Wandernde Kuh', 'Adenauerallee 900', 'Stuttgart', NULL, '70563', 'Allemagne', 0.00),
	( 11047, 'EASTC', '1996-05-24', '1996-05-31', 233.00, 'Eastern Connection', '35 King George', 'London', NULL, 'WX3 6FW', 'Royaume-Uni', 0.00),
	( 11048, 'BOTTM', '1996-05-24', '1996-05-30', 120.00, 'Bottom-Dollar Markets', '23 Tsawassen Blvd.', 'Tsawassen', 'BC', 'T2F 8M4', 'Canada', 0.00),
	( 11049, 'GOURL', '1996-05-24', '1996-06-03', 41.00, 'Gourmet Lanchonetes', 'Av. Brasil, 442', 'Campinas', 'SP', '04876-786', 'Brésil', 0.00),
	( 11050, 'FOLKO', '1996-05-27', '1996-06-04', 297.00, 'Folk och fä HB', 'Åkergatan 24', 'Bräcke', NULL, 'S-844 67', 'Suède', 0.00),
	( 11051, 'LAMAI', '1996-05-27', NULL, 13.00, 'La maison d''Asie', '1 rue Alsace-Lorraine', 'Toulouse', NULL, '31000', 'France', 0.00),
	( 11052, 'HANAR', '1996-05-27', '1996-05-31', 336.00, 'Hanari Carnes', 'Rua do Paço, 67', 'Rio de Janeiro', 'RJ', '05454-876', 'Brésil', 0.00),
	( 11053, 'PICCO', '1996-05-27', '1996-05-29', 265.00, 'Piccolo und mehr', 'Geislweg 14', 'Salzburg', NULL, '5020', 'Autriche', 0.00),
	( 11054, 'CACTU', '1996-05-28', NULL, 1.00, 'Cactus Comidas para llevar', 'Cerrito 333', 'Buenos Aires', NULL, '1010', 'Argentine', 0.00),
	( 11055, 'HILAA', '1996-05-28', '1996-06-04', 604.00, 'HILARIÓN-Abastos', 'Carrera 22 con Ave. Carlos Soublette #8-35', 'San Cristóbal', 'Táchira', '5022', 'Venezuela', 0.00),
	( 11056, 'EASTC', '1996-05-28', '1996-05-31', 1394.00, 'Eastern Connection', '35 King George', 'London', NULL, 'WX3 6FW', 'Royaume-Uni', 0.00),
	( 11057, 'NORTS', '1996-05-29', '1996-05-31', 20.00, 'North/South', 'South House 300 Queensbridge', 'London', NULL, 'SW7 1RZ', 'Royaume-Uni', 0.00),
	( 11058, 'BLAUS', '1996-05-29', NULL, 155.00, 'Blauer See Delikatessen', 'Forsterstr. 57', 'Mannheim', NULL, '68306', 'Allemagne', 0.00),
	( 11059, 'RICAR', '1996-05-29', NULL, 429.00, 'Ricardo Adocicados', 'Av. Copacabana, 267', 'Rio de Janeiro', 'RJ', '02389-890', 'Brésil', 0.00),
	( 11060, 'FRANS', '1996-05-30', '1996-06-03', 54.00, 'Franchi S.p.A.', 'Via Monte Bianco 34', 'Torino', NULL, '10100', 'Italie', 0.00),
	( 11061, 'GREAL', '1996-05-30', NULL, 70.00, 'Great Lakes Food Market', '2732 Baker Blvd.', 'Eugene', 'OR', '97403', 'Etats-Unis', 0.00),
	( 11062, 'REGGC', '1996-05-30', NULL, 149.00, 'Reggiani Caseifici', 'Strada Provinciale 124', 'Reggio Emilia', NULL, '42100', 'Italie', 0.00),
	( 11063, 'HUNGO', '1996-05-30', '1996-06-05', 408.00, 'Hungry Owl All-Night Grocers', '8 Johnstown Road', 'Cork', 'Co. Cork', NULL, 'Irlande', 0.00),
	( 11064, 'SAVEA', '1996-05-31', '1996-06-03', 150.00, 'Save-a-lot Markets', '187 Suffolk Ln.', 'Boise', 'ID', '83720', 'Etats-Unis', 0.00),
	( 11065, 'LILAS', '1996-05-31', NULL, 64.00, 'LILA-Supermercado', 'Carrera 52 con Ave. Bolívar #65-98 Llano Largo', 'Barquisimeto', 'Lara', '3508', 'Venezuela', 0.00),
	( 11066, 'WHITC', '1996-05-31', '1996-06-03', 223.00, 'White Clover Markets', '1029 - 12th Ave. S.', 'Seattle', 'WA', '98124', 'Etats-Unis', 0.00),
	( 11067, 'DRACD', '1996-06-03', '1996-06-05', 39.00, 'Drachenblut Delikatessen', 'Walserweg 21', 'Aachen', NULL, '52066', 'Allemagne', 0.00),
	( 11068, 'QUEEN', '1996-06-03', NULL, 408.00, 'Queen Cozinha', 'Alameda dos Canàrios, 891', 'São Paulo', 'SP', '05487-020', 'Brésil', 0.00),
	( 11069, 'TORTU', '1996-06-03', '1996-06-05', 78.00, 'Tortuga Restaurante', 'Avda. Azteca 123', 'México D.F.', NULL, '05033', 'Mexique', 0.00),
	( 11070, 'LEHMS', '1996-06-04', NULL, 680.00, 'Lehmanns Marktstand', 'Magazinweg 7', 'Frankfurt a.M.', NULL, '60528', 'Allemagne', 0.00),
	( 11071, 'LILAS', '1996-06-04', NULL, 4.00, 'LILA-Supermercado', 'Carrera 52 con Ave. Bolívar #65-98 Llano Largo', 'Barquisimeto', 'Lara', '3508', 'Venezuela', 0.00),
	( 11072, 'ERNSH', '1996-06-04', NULL, 1293.00, 'Ernst Handel', 'Kirchgasse 6', 'Graz', NULL, '8010', 'Autriche', 0.00),
	( 11073, 'PERIC', '1996-06-04', NULL, 124.00, 'Pericles Comidas clásicas', 'Calle Dr. Jorge Cash 321', 'México D.F.', NULL, '05033', 'Mexique', 0.00),
	( 11074, 'SIMOB', '1996-06-05', NULL, 92.00, 'Simons bistro', 'Vinbæltet 34', 'København', NULL, '1734', 'Danemark', 0.00),
	( 11075, 'RICSU', '1996-06-05', NULL, 30.00, 'Richter Supermarkt', 'Starenweg 5', 'Genève', NULL, '1204', 'Suisse', 0.00),
	( 11076, 'BONAP', '1996-06-05', NULL, 191.00, 'Bon app''', '12, rue des Bouchers', 'Marseille', NULL, '13008', 'France', 0.00),
	( 11077, 'RATTC', '1996-06-05', NULL, 42.00, 'Rattlesnake Canyon Grocery', '2817 Milton Dr.', 'Albuquerque', 'NM', '87110', 'Etats-Unis', 0.00);

INSERT INTO Produit(reference, nom, fournisseur, categorie_code, quantite_par_unite, prix_unitaire, unites_en_stock, unites_commandees, niveau_de_reappro, indisponible ) VALUES 
    ( 1, 'Chai', 1, 1, '10 boîtes x 20 sacs', 90.00, 39, 0, 10, 0),
	( 2, 'Chang', 1, 1, '24 bouteilles (1 litre)', 95.00, 17, 40, 25, 0),
	( 3, 'Aniseed Syrup', 1, 2, '12 bouteilles (550 ml)', 50.00, 13, 70, 25, 0),
	( 4, 'Chef Anton''s Cajun Seasoning', 2, 2, '48 pots (6 onces)', 110.00, 53, 0, 0, 0),
	( 5, 'Chef Anton''s Gumbo Mix', 2, 2, '36 boîtes', 106.00, 0, 0, 0, 1),
	( 6, 'Grandma''s Boysenberry Spread', 3, 2, '12 pots (8 onces)', 125.00, 120, 0, 25, 0),
	( 7, 'Uncle Bob''s Organic Dried Pears', 3, 7, '12 cartons (1 kg)', 150.00, 15, 0, 10, 0),
	( 8, 'Northwoods Cranberry Sauce', 3, 2, '12 pots (12 onces)', 200.00, 6, 0, 0, 0),
	( 9, 'Mishi Kobe Niku', 4, 6, '18 cartons (500 g)', 485.00, 29, 0, 0, 1),
	( 10, 'Ikura', 4, 8, '12 pots (200 g)', 155.00, 31, 0, 0, 0),
	( 11, 'Queso Cabrales', 5, 4, '1 carton (1 kg)', 105.00, 22, 30, 30, 0),
	( 12, 'Queso Manchego La Pastora', 5, 4, '10 cartons (500 g)', 190.00, 86, 0, 0, 0),
	( 13, 'Konbu', 6, 8, '1 boîtes (2 kg)', 30.00, 24, 0, 5, 0),
	( 14, 'Tofu', 6, 7, '40 cartons (100 g)', 116.00, 35, 0, 0, 0),
	( 15, 'Genen Shouyu', 6, 2, '24 bouteilles (250 ml)', 77.00, 39, 0, 5, 0),
	( 16, 'Pavlova', 7, 3, '32 boîtes (500 g)', 87.00, 29, 0, 10, 0),
	( 17, 'Alice Mutton', 7, 6, '20 boîtes (1 kg)', 195.00, 0, 0, 0, 1),
	( 18, 'Carnarvon Tigers', 7, 8, '1 carton (16 kg)', 312.00, 42, 0, 0, 0),
	( 19, 'Teatime Chocolate Biscuits', 8, 3, '10 boîtes x 12 pièces', 46.00, 25, 0, 5, 0),
	( 20, 'Sir Rodney''s Marmalade', 8, 3, '30 boîtes', 405.00, 40, 0, 0, 0),
	( 21, 'Sir Rodney''s Scones', 8, 3, '24 cartons x 4 pièces', 50.00, 3, 40, 5, 0),
	( 22, 'Gustaf''s Knäckebröd', 9, 5, '24 cartons (500 g)', 105.00, 104, 0, 25, 0),
	( 23, 'Tunnbröd', 9, 5, '12 cartons (250 g)', 45.00, 61, 0, 25, 0),
	( 24, 'Guaraná Fantástica', 10, 1, '12 canettes (355 ml)', 22.00, 20, 0, 0, 1),
	( 25, 'NuNuCa Nuß-Nougat-Creme', 11, 3, '20 verres (450 g)', 70.00, 76, 0, 30, 0),
	( 26, 'Gumbär Gummibärchen', 11, 3, '100 sacs (250 g)', 156.00, 15, 0, 0, 0),
	( 27, 'Schoggi Schokolade', 11, 3, '100 pièces (100 g)', 219.00, 49, 0, 30, 0),
	( 28, 'Rössle Sauerkraut', 12, 7, '25 canettes (825 g)', 228.00, 26, 0, 0, 1),
	( 29, 'Thüringer Rostbratwurst', 12, 6, '50 sacs x 30 saucisses', 618.00, 0, 0, 0, 1),
	( 30, 'Nord-Ost Matjeshering', 13, 8, '10 verres (200 g)', 129.00, 10, 0, 15, 0),
	( 31, 'Gorgonzola Telino', 14, 4, '12 cartons (100 g)', 62.00, 0, 70, 20, 0),
	( 32, 'Mascarpone Fabioli', 14, 4, '24 cartons (200 g)', 160.00, 9, 40, 25, 0),
	( 33, 'Geitost', 15, 4, '1 carton (500 g)', 12.00, 112, 0, 20, 0),
	( 34, 'Sasquatch Ale', 16, 1, '24 bouteilles (70 cl)', 70.00, 111, 0, 15, 0),
	( 35, 'Steeleye Stout', 16, 1, '24 bouteilles (1 litre)', 90.00, 20, 0, 15, 0),
	( 36, 'Inlagd Sill', 17, 8, '24 pots (250 g)', 95.00, 112, 0, 20, 0),
	( 37, 'Gravad lax', 17, 8, '12 cartons (500 g)', 130.00, 11, 50, 25, 0),
	( 38, 'Côte de Blaye', 18, 1, '12 bouteilles (75 cl)', 1317.00, 17, 0, 15, 0),
	( 39, 'Chartreuse verte', 18, 1, '1 bouteille (750 cc)', 90.00, 69, 0, 5, 0),
	( 40, 'Boston Crab Meat', 19, 8, '24 boîtes (4 onces)', 92.00, 123, 0, 30, 0),
	( 41, 'Jack''s New England Clam Chowder', 19, 8, '12 canettes (330 ml)', 48.00, 85, 0, 10, 0),
	( 42, 'Singaporean Hokkien Fried Mee', 20, 5, '32 cartons (1 kg)', 70.00, 26, 0, 0, 1),
	( 43, 'Ipoh Coffee', 20, 1, '16 boîtes (500 g)', 230.00, 17, 10, 25, 0),
	( 44, 'Gula Malacca', 20, 2, '20 cartons (2 kg)', 97.00, 27, 0, 15, 0),
	( 45, 'Røgede sild', 21, 8, '1 carton (1kg)', 47.00, 5, 70, 15, 0),
	( 46, 'Spegesild', 21, 8, '4 boîtes (250 g)', 60.00, 95, 0, 0, 0),
	( 47, 'Zaanse koeken', 22, 3, '10 boîtes (4 onces)', 47.00, 36, 0, 0, 0),
	( 48, 'Chocolade', 22, 3, '10 cartons', 63.00, 15, 70, 25, 0),
	( 49, 'Maxilaku', 23, 3, '24 cartons (50 g)', 100.00, 10, 60, 15, 0),
	( 50, 'Valkoinen suklaa', 23, 3, '12 plaquettes (100 g)', 81.00, 65, 0, 30, 0),
	( 51, 'Manjimup Dried Apples', 24, 7, '50 cartons (300 g)', 265.00, 20, 0, 10, 0),
	( 52, 'Filo Mix', 24, 5, '16 boîtes (2 kg)', 35.00, 38, 0, 25, 0),
	( 53, 'Perth Pasties', 24, 6, '48 pièces', 164.00, 0, 0, 0, 1),
	( 54, 'Tourtière', 25, 6, '16 tartes', 37.00, 21, 0, 10, 0),
	( 55, 'Pâté chinois', 25, 6, '24 boîtes x 2 tartes', 120.00, 115, 0, 20, 0),
	( 56, 'Gnocchi di nonna Alice', 26, 5, '24 cartons (250 g)', 190.00, 21, 10, 30, 0),
	( 57, 'Ravioli Angelo', 26, 5, '24 cartons (250 g)', 97.00, 36, 0, 20, 0),
	( 58, 'Escargots de Bourgogne', 27, 8, '24 pièces', 66.00, 62, 0, 20, 0),
	( 59, 'Raclette Courdavault', 28, 4, '1 carton (5 kg)', 275.00, 79, 0, 0, 0),
	( 60, 'Camembert Pierrot', 28, 4, '15 unités (300 g)', 170.00, 19, 0, 0, 0),
	( 61, 'Sirop d''érable', 29, 2, '24 bouteilles (500 ml)', 142.00, 113, 0, 25, 0),
	( 62, 'Tarte au sucre', 29, 3, '48 tartes', 246.00, 17, 0, 0, 0),
	( 63, 'Vegie-spread', 7, 2, '15 pots (625 g)', 219.00, 24, 0, 5, 0),
	( 64, 'Wimmers gute Semmelknödel', 12, 5, '20 sacs x 4 pièces', 166.00, 22, 80, 30, 0),
	( 65, 'Louisiana Fiery Hot Pepper Sauce', 2, 2, '32 bouteilles (8 onces)', 105.00, 76, 0, 0, 0),
	( 66, 'Louisiana Hot Spiced Okra', 2, 2, '24 pots (8 onces)', 85.00, 4, 100, 20, 0),
	( 67, 'Laughing Lumberjack Lager', 16, 1, '24 bouteilles (12 onces)', 70.00, 52, 0, 10, 0),
	( 68, 'Scottish Longbreads', 8, 3, '10 sacs x 8 pièces', 62.00, 6, 10, 15, 0),
	( 69, 'Gudbrandsdalsost', 15, 4, '1 carton (10 kg)', 180.00, 26, 0, 15, 0),
	( 70, 'Outback Lager', 7, 1, '24 bouteilles (355 ml)', 75.00, 15, 10, 30, 0),
	( 71, 'Fløtemysost', 15, 4, '10 cartons (500 g)', 107.00, 26, 0, 0, 0),
	( 72, 'Mozzarella di Giovanni', 14, 4, '24 cartons (200 g)', 174.00, 14, 0, 0, 0),
	( 73, 'Röd Kaviar', 17, 8, '24 pots (150 g)', 75.00, 101, 0, 5, 0),
	( 74, 'Longlife Tofu', 4, 7, '1 carton (5 kg)', 50.00, 4, 20, 5, 0),
	( 75, 'Rhönbräu Klosterbier', 12, 1, '24 bouteilles (0,5 litre)', 38.00, 125, 0, 25, 0),
	( 76, 'Lakkalikööri', 23, 1, '1 bouteille (500 ml)', 90.00, 57, 0, 20, 0),
	( 77, 'Original Frankfurter grüne Soße', 12, 2, '12 boîtes', 65.00, 32, 0, 15, 0);


INSERT INTO Ligne(commande_numero, produit_reference, quantite) VALUES 
( 10248, 11, 12),
( 10248, 42, 10),
( 10248, 72, 5),
( 10249, 14, 9),
( 10249, 51, 40),
( 10250, 41, 10),
( 10250, 51, 35),
( 10250, 65, 15),
( 10251, 22, 6),
( 10251, 57, 15),
( 10251, 65, 20),
( 10252, 20, 40),
( 10252, 33, 25),
( 10252, 60, 40),
( 10253, 31, 20),
( 10253, 39, 42),
( 10253, 49, 40),
( 10254, 24, 15),
( 10254, 55, 21),
( 10254, 74, 21),
( 10255, 2, 20),
( 10255, 16, 35),
( 10255, 36, 25),
( 10255, 59, 30),
( 10256, 53, 15),
( 10256, 77, 12),
( 10257, 27, 25),
( 10257, 39, 6),
( 10257, 77, 15),
( 10258, 2, 50),
( 10258, 5, 65),
( 10258, 32, 6),
( 10259, 21, 10),
( 10259, 37, 1),
( 10260, 41, 16),
( 10260, 57, 50),
( 10260, 62, 15),
( 10260, 70, 21),
( 10261, 21, 20),
( 10261, 35, 20),
( 10262, 5, 12),
( 10262, 7, 15),
( 10262, 56, 2),
( 10263, 16, 60),
( 10263, 24, 28),
( 10263, 30, 60),
( 10263, 74, 36),
( 10264, 2, 35),
( 10264, 41, 25),
( 10265, 17, 30),
( 10265, 70, 20),
( 10266, 12, 12),
( 10267, 40, 50),
( 10267, 59, 70),
( 10267, 76, 15),
( 10268, 29, 10),
( 10268, 72, 4),
( 10269, 33, 60),
( 10269, 72, 20),
( 10270, 36, 30),
( 10270, 43, 25),
( 10271, 33, 24),
( 10272, 20, 6),
( 10272, 31, 40),
( 10272, 72, 24),
( 10273, 10, 24),
( 10273, 31, 15),
( 10273, 33, 20),
( 10273, 40, 60),
( 10273, 76, 33),
( 10274, 71, 20),
( 10274, 72, 7),
( 10275, 24, 12),
( 10275, 59, 6),
( 10276, 10, 15),
( 10276, 13, 10),
( 10277, 28, 20),
( 10277, 62, 12),
( 10278, 44, 16),
( 10278, 59, 15),
( 10278, 63, 8),
( 10278, 73, 25),
( 10279, 17, 15),
( 10280, 24, 12),
( 10280, 55, 20),
( 10280, 75, 30),
( 10281, 19, 1),
( 10281, 24, 6),
( 10281, 35, 4),
( 10282, 30, 6),
( 10282, 57, 2),
( 10283, 15, 20),
( 10283, 19, 18),
( 10283, 60, 35),
( 10283, 72, 3),
( 10284, 27, 15),
( 10284, 44, 21),
( 10284, 60, 20),
( 10284, 67, 5),
( 10285, 1, 45),
( 10285, 40, 40),
( 10285, 53, 36),
( 10286, 35, 100),
( 10286, 62, 40),
( 10287, 16, 40),
( 10287, 34, 20),
( 10287, 46, 15),
( 10288, 54, 10),
( 10288, 68, 3),
( 10289, 3, 30),
( 10289, 64, 9),
( 10290, 5, 20),
( 10290, 29, 15),
( 10290, 49, 15),
( 10290, 77, 10),
( 10291, 13, 20),
( 10291, 44, 24),
( 10291, 51, 2),
( 10292, 20, 20),
( 10293, 18, 12),
( 10293, 24, 10),
( 10293, 63, 5),
( 10293, 75, 6),
( 10294, 1, 18),
( 10294, 17, 15),
( 10294, 43, 15),
( 10294, 60, 21),
( 10294, 75, 6),
( 10295, 56, 4),
( 10296, 11, 12),
( 10296, 16, 30),
( 10296, 69, 15),
( 10297, 39, 60),
( 10297, 72, 20),
( 10298, 2, 40),
( 10298, 36, 40),
( 10298, 59, 30),
( 10298, 62, 15),
( 10299, 19, 15),
( 10299, 70, 20),
( 10300, 66, 30),
( 10300, 68, 20),
( 10301, 40, 10),
( 10301, 56, 20),
( 10302, 17, 40),
( 10302, 28, 28),
( 10302, 43, 12),
( 10303, 40, 40),
( 10303, 65, 30),
( 10303, 68, 15),
( 10304, 49, 30),
( 10304, 59, 10),
( 10304, 71, 2),
( 10305, 18, 25),
( 10305, 29, 25),
( 10305, 39, 30),
( 10306, 30, 10),
( 10306, 53, 10),
( 10306, 54, 5),
( 10307, 62, 10),
( 10307, 68, 3),
( 10308, 69, 1),
( 10308, 70, 5),
( 10309, 4, 20),
( 10309, 6, 30),
( 10309, 42, 2),
( 10309, 43, 20),
( 10309, 71, 3),
( 10310, 16, 10),
( 10310, 62, 5),
( 10311, 42, 6),
( 10311, 69, 7),
( 10312, 28, 4),
( 10312, 43, 24),
( 10312, 53, 20),
( 10312, 75, 10),
( 10313, 36, 12),
( 10314, 32, 40),
( 10314, 58, 30),
( 10314, 62, 25),
( 10315, 34, 14),
( 10315, 70, 30),
( 10316, 41, 10),
( 10316, 62, 70),
( 10317, 1, 20),
( 10318, 41, 20),
( 10318, 76, 6),
( 10319, 17, 8),
( 10319, 28, 14),
( 10319, 76, 30),
( 10320, 71, 30),
( 10321, 35, 10),
( 10322, 52, 20),
( 10323, 15, 5),
( 10323, 25, 4),
( 10323, 39, 4),
( 10324, 16, 21),
( 10324, 35, 70),
( 10324, 46, 30),
( 10324, 59, 40),
( 10324, 63, 80),
( 10325, 6, 6),
( 10325, 13, 12),
( 10325, 14, 9),
( 10325, 31, 4),
( 10325, 72, 40),
( 10326, 4, 24),
( 10326, 57, 16),
( 10326, 75, 50),
( 10327, 2, 25),
( 10327, 11, 50),
( 10327, 30, 35),
( 10327, 58, 30),
( 10328, 59, 9),
( 10328, 65, 40),
( 10328, 68, 10),
( 10329, 19, 10),
( 10329, 30, 8),
( 10329, 38, 20),
( 10329, 56, 12),
( 10330, 26, 50),
( 10330, 72, 25),
( 10331, 54, 15),
( 10332, 18, 40),
( 10332, 42, 10),
( 10332, 47, 16),
( 10333, 14, 10),
( 10333, 21, 10),
( 10333, 71, 40),
( 10334, 52, 8),
( 10334, 68, 10),
( 10335, 2, 7),
( 10335, 31, 25),
( 10335, 32, 6),
( 10335, 51, 48),
( 10336, 4, 18),
( 10337, 23, 40),
( 10337, 26, 24),
( 10337, 36, 20),
( 10337, 37, 28),
( 10337, 72, 25),
( 10338, 17, 20),
( 10338, 30, 15),
( 10339, 4, 10),
( 10339, 17, 70),
( 10339, 62, 28),
( 10340, 18, 20),
( 10340, 41, 12),
( 10340, 43, 40),
( 10341, 33, 8),
( 10341, 59, 9),
( 10342, 2, 24),
( 10342, 31, 56),
( 10342, 36, 40),
( 10342, 55, 40),
( 10343, 64, 50),
( 10343, 68, 4),
( 10343, 76, 15),
( 10344, 4, 35),
( 10344, 8, 70),
( 10345, 8, 70),
( 10345, 19, 80),
( 10345, 42, 9),
( 10346, 17, 36),
( 10346, 56, 20),
( 10347, 25, 10),
( 10347, 39, 50),
( 10347, 40, 4),
( 10347, 75, 6),
( 10348, 1, 15),
( 10348, 23, 25),
( 10349, 54, 24),
( 10350, 50, 15),
( 10350, 69, 18),
( 10351, 38, 20),
( 10351, 41, 13),
( 10351, 44, 77),
( 10351, 65, 10),
( 10352, 24, 10),
( 10352, 54, 20),
( 10353, 11, 12),
( 10353, 38, 50),
( 10354, 1, 12),
( 10354, 29, 4),
( 10355, 24, 25),
( 10355, 57, 25),
( 10356, 31, 30),
( 10356, 55, 12),
( 10356, 69, 20),
( 10357, 10, 30),
( 10357, 26, 16),
( 10357, 60, 8),
( 10358, 24, 10),
( 10358, 34, 10),
( 10358, 36, 20),
( 10359, 16, 56),
( 10359, 31, 70),
( 10359, 60, 80),
( 10360, 28, 30),
( 10360, 29, 35),
( 10360, 38, 10),
( 10360, 49, 35),
( 10360, 54, 28),
( 10361, 39, 54),
( 10361, 60, 55),
( 10362, 25, 50),
( 10362, 51, 20),
( 10362, 54, 24),
( 10363, 31, 20),
( 10363, 75, 12),
( 10363, 76, 12),
( 10364, 69, 30),
( 10364, 71, 5),
( 10365, 11, 24),
( 10366, 65, 5),
( 10366, 77, 5),
( 10367, 34, 36),
( 10367, 54, 18),
( 10367, 65, 15),
( 10367, 77, 7),
( 10368, 21, 5),
( 10368, 28, 13),
( 10368, 57, 25),
( 10368, 64, 35),
( 10369, 29, 20),
( 10369, 56, 18),
( 10370, 1, 15),
( 10370, 64, 30),
( 10370, 74, 20),
( 10371, 36, 6),
( 10372, 20, 12),
( 10372, 38, 40),
( 10372, 60, 70),
( 10372, 72, 42),
( 10373, 58, 80),
( 10373, 71, 50),
( 10374, 31, 30),
( 10374, 58, 15),
( 10375, 14, 15),
( 10375, 54, 10),
( 10376, 31, 42),
( 10377, 28, 20),
( 10377, 39, 20),
( 10378, 71, 6),
( 10379, 41, 8),
( 10379, 63, 16),
( 10379, 65, 20),
( 10380, 30, 18),
( 10380, 53, 20),
( 10380, 60, 6),
( 10380, 70, 30),
( 10381, 74, 14),
( 10382, 5, 32),
( 10382, 18, 9),
( 10382, 29, 14),
( 10382, 33, 60),
( 10382, 74, 50),
( 10383, 13, 20),
( 10383, 50, 15),
( 10383, 56, 20),
( 10384, 20, 28),
( 10384, 60, 15),
( 10385, 7, 10),
( 10385, 60, 20),
( 10385, 68, 8),
( 10386, 24, 15),
( 10386, 34, 10),
( 10387, 24, 15),
( 10387, 28, 6),
( 10387, 59, 12),
( 10387, 71, 15),
( 10388, 45, 15),
( 10388, 52, 20),
( 10388, 53, 40),
( 10389, 10, 16),
( 10389, 55, 15),
( 10389, 62, 20),
( 10389, 70, 30),
( 10390, 31, 60),
( 10390, 35, 40),
( 10390, 46, 45),
( 10390, 72, 24),
( 10391, 13, 18),
( 10392, 69, 50),
( 10393, 2, 25),
( 10393, 14, 42),
( 10393, 25, 7),
( 10393, 26, 70),
( 10393, 31, 32),
( 10394, 13, 10),
( 10394, 62, 10),
( 10395, 46, 28),
( 10395, 53, 70),
( 10395, 69, 8),
( 10396, 23, 40),
( 10396, 71, 60),
( 10396, 72, 21),
( 10397, 21, 10),
( 10397, 51, 18),
( 10398, 35, 30),
( 10398, 55, 120),
( 10399, 68, 60),
( 10399, 71, 30),
( 10399, 76, 35),
( 10399, 77, 14),
( 10400, 29, 21),
( 10400, 35, 35),
( 10400, 49, 30),
( 10401, 30, 18),
( 10401, 56, 70),
( 10401, 65, 20),
( 10401, 71, 60),
( 10402, 23, 60),
( 10402, 63, 65),
( 10403, 16, 21),
( 10403, 48, 70),
( 10404, 26, 30),
( 10404, 42, 40),
( 10404, 49, 30),
( 10405, 3, 50),
( 10406, 1, 10),
( 10406, 21, 30),
( 10406, 28, 42),
( 10406, 36, 5),
( 10406, 40, 2),
( 10407, 11, 30),
( 10407, 69, 15),
( 10407, 71, 15),
( 10408, 37, 10),
( 10408, 54, 6),
( 10408, 62, 35),
( 10409, 14, 12),
( 10409, 21, 12),
( 10410, 33, 49),
( 10410, 59, 16),
( 10411, 41, 25),
( 10411, 44, 40),
( 10411, 59, 9),
( 10412, 14, 20),
( 10413, 1, 24),
( 10413, 62, 40),
( 10413, 76, 14),
( 10414, 19, 18),
( 10414, 33, 50),
( 10415, 17, 2),
( 10415, 33, 20),
( 10416, 19, 20),
( 10416, 53, 10),
( 10416, 57, 20),
( 10417, 38, 50),
( 10417, 46, 2),
( 10417, 68, 36),
( 10417, 77, 35),
( 10418, 2, 60),
( 10418, 47, 55),
( 10418, 61, 16),
( 10418, 74, 15),
( 10419, 60, 60),
( 10419, 69, 20),
( 10420, 9, 20),
( 10420, 13, 2),
( 10420, 70, 8),
( 10420, 73, 20),
( 10421, 19, 4),
( 10421, 26, 30),
( 10421, 53, 15),
( 10421, 77, 10),
( 10422, 26, 2),
( 10423, 31, 14),
( 10423, 59, 20),
( 10424, 35, 60),
( 10424, 38, 49),
( 10424, 68, 30),
( 10425, 55, 10),
( 10425, 76, 20),
( 10426, 56, 5),
( 10426, 64, 7),
( 10427, 14, 35),
( 10428, 46, 20),
( 10429, 50, 40),
( 10429, 63, 35),
( 10430, 17, 45),
( 10430, 21, 50),
( 10430, 56, 30),
( 10430, 59, 70),
( 10431, 17, 50),
( 10431, 40, 50),
( 10431, 47, 30),
( 10432, 26, 10),
( 10432, 54, 40),
( 10433, 56, 28),
( 10434, 11, 6),
( 10434, 76, 18),
( 10435, 2, 10),
( 10435, 22, 12),
( 10435, 72, 10),
( 10436, 46, 5),
( 10436, 56, 40),
( 10436, 64, 30),
( 10436, 75, 24),
( 10437, 53, 15),
( 10438, 19, 15),
( 10438, 34, 20),
( 10438, 57, 15),
( 10439, 12, 15),
( 10439, 16, 16),
( 10439, 64, 6),
( 10439, 74, 30),
( 10440, 2, 45),
( 10440, 16, 49),
( 10440, 29, 24),
( 10440, 61, 90),
( 10441, 27, 50),
( 10442, 11, 30),
( 10442, 54, 80),
( 10442, 66, 60),
( 10443, 11, 6),
( 10443, 28, 12),
( 10444, 17, 10),
( 10444, 26, 15),
( 10444, 35, 8),
( 10444, 41, 30),
( 10445, 39, 6),
( 10445, 54, 15),
( 10446, 19, 12),
( 10446, 24, 20),
( 10446, 31, 3),
( 10446, 52, 15),
( 10447, 19, 40),
( 10447, 65, 35),
( 10447, 71, 2),
( 10448, 26, 6),
( 10448, 40, 20),
( 10449, 10, 14),
( 10449, 52, 20),
( 10449, 62, 35),
( 10450, 10, 20),
( 10450, 54, 6),
( 10451, 55, 120),
( 10451, 64, 35),
( 10451, 65, 28),
( 10451, 77, 55),
( 10452, 28, 15),
( 10452, 44, 100),
( 10453, 48, 15),
( 10453, 70, 25),
( 10454, 16, 20),
( 10454, 33, 20),
( 10454, 46, 10),
( 10455, 39, 20),
( 10455, 53, 50),
( 10455, 61, 25),
( 10455, 71, 30),
( 10456, 21, 40),
( 10456, 49, 21),
( 10457, 59, 36),
( 10458, 26, 30),
( 10458, 28, 30),
( 10458, 43, 20),
( 10458, 56, 15),
( 10458, 71, 50),
( 10459, 7, 16),
( 10459, 46, 20),
( 10459, 72, 40),
( 10460, 68, 21),
( 10460, 75, 4),
( 10461, 21, 40),
( 10461, 30, 28),
( 10461, 55, 60),
( 10462, 13, 1),
( 10462, 23, 21),
( 10463, 19, 21),
( 10463, 42, 50),
( 10464, 4, 16),
( 10464, 43, 3),
( 10464, 56, 30),
( 10464, 60, 20),
( 10465, 24, 25),
( 10465, 29, 18),
( 10465, 40, 20),
( 10465, 45, 30),
( 10465, 50, 25),
( 10466, 11, 10),
( 10466, 46, 5),
( 10467, 24, 28),
( 10467, 25, 12),
( 10468, 30, 8),
( 10468, 43, 15),
( 10469, 2, 40),
( 10469, 16, 35),
( 10469, 44, 2),
( 10470, 18, 30),
( 10470, 23, 15),
( 10470, 64, 8),
( 10471, 7, 30),
( 10471, 56, 20),
( 10472, 24, 80),
( 10472, 51, 18),
( 10473, 33, 12),
( 10473, 71, 12),
( 10474, 14, 12),
( 10474, 28, 18),
( 10474, 40, 21),
( 10474, 75, 10),
( 10475, 31, 35),
( 10475, 66, 60),
( 10475, 76, 42),
( 10476, 55, 2),
( 10476, 70, 12),
( 10477, 1, 15),
( 10477, 21, 21),
( 10477, 39, 20),
( 10478, 10, 20),
( 10479, 38, 30),
( 10479, 53, 28),
( 10479, 59, 60),
( 10479, 64, 30),
( 10480, 47, 30),
( 10480, 59, 12),
( 10481, 49, 24),
( 10481, 60, 40),
( 10482, 40, 10),
( 10483, 34, 35),
( 10483, 77, 30),
( 10484, 21, 14),
( 10484, 40, 10),
( 10484, 51, 3),
( 10485, 2, 20),
( 10485, 3, 20),
( 10485, 55, 30),
( 10485, 70, 60),
( 10486, 11, 5),
( 10486, 51, 25),
( 10486, 74, 16),
( 10487, 19, 5),
( 10487, 26, 30),
( 10487, 54, 24),
( 10488, 59, 30),
( 10488, 73, 20),
( 10489, 11, 15),
( 10489, 16, 18),
( 10490, 59, 60),
( 10490, 68, 30),
( 10490, 75, 36),
( 10491, 44, 15),
( 10491, 77, 7),
( 10492, 25, 60),
( 10492, 42, 20),
( 10493, 65, 15),
( 10493, 66, 10),
( 10493, 69, 10),
( 10494, 56, 30),
( 10495, 23, 10),
( 10495, 41, 20),
( 10495, 77, 5),
( 10496, 31, 20),
( 10497, 56, 14),
( 10497, 72, 25),
( 10497, 77, 25),
( 10498, 24, 14),
( 10498, 40, 5),
( 10498, 42, 30),
( 10499, 28, 20),
( 10499, 49, 25),
( 10500, 15, 12),
( 10500, 28, 8),
( 10501, 54, 20),
( 10502, 45, 21),
( 10502, 53, 6),
( 10502, 67, 30),
( 10503, 14, 70),
( 10503, 65, 20),
( 10504, 2, 12),
( 10504, 21, 12),
( 10504, 53, 10),
( 10504, 61, 25),
( 10505, 62, 3),
( 10506, 25, 18),
( 10506, 70, 14),
( 10507, 43, 15),
( 10507, 48, 15),
( 10508, 13, 10),
( 10508, 39, 10),
( 10509, 28, 3),
( 10510, 29, 36),
( 10510, 75, 36),
( 10511, 4, 50),
( 10511, 7, 50),
( 10511, 8, 10),
( 10512, 24, 10),
( 10512, 46, 9),
( 10512, 47, 6),
( 10512, 60, 12),
( 10513, 21, 40),
( 10513, 32, 50),
( 10513, 61, 15),
( 10514, 20, 39),
( 10514, 28, 35),
( 10514, 56, 70),
( 10514, 65, 39),
( 10514, 75, 50),
( 10515, 9, 16),
( 10515, 16, 50),
( 10515, 27, 120),
( 10515, 33, 16),
( 10515, 60, 84),
( 10516, 18, 25),
( 10516, 41, 80),
( 10516, 42, 20),
( 10517, 52, 6),
( 10517, 59, 4),
( 10517, 70, 6),
( 10518, 24, 5),
( 10518, 38, 15),
( 10518, 44, 9),
( 10519, 10, 16),
( 10519, 56, 40),
( 10519, 60, 10),
( 10520, 24, 8),
( 10520, 53, 5),
( 10521, 35, 3),
( 10521, 41, 10),
( 10521, 68, 6),
( 10522, 1, 40),
( 10522, 8, 24),
( 10522, 30, 20),
( 10522, 40, 25),
( 10523, 17, 25),
( 10523, 20, 15),
( 10523, 37, 18),
( 10523, 41, 6),
( 10524, 10, 2),
( 10524, 30, 10),
( 10524, 43, 60),
( 10524, 54, 15),
( 10525, 36, 30),
( 10525, 40, 15),
( 10526, 1, 8),
( 10526, 13, 10),
( 10526, 56, 30),
( 10527, 4, 50),
( 10527, 36, 30),
( 10528, 11, 3),
( 10528, 33, 8),
( 10528, 72, 9),
( 10529, 55, 14),
( 10529, 68, 20),
( 10529, 69, 10),
( 10530, 17, 40),
( 10530, 43, 25),
( 10530, 61, 20),
( 10530, 76, 50),
( 10531, 59, 2),
( 10532, 30, 15),
( 10532, 66, 24),
( 10533, 4, 50),
( 10533, 72, 24),
( 10533, 73, 24),
( 10534, 30, 10),
( 10534, 40, 10),
( 10534, 54, 10),
( 10535, 11, 50),
( 10535, 40, 10),
( 10535, 57, 5),
( 10535, 59, 15),
( 10536, 12, 15),
( 10536, 31, 20),
( 10536, 33, 30),
( 10536, 60, 35),
( 10537, 31, 30),
( 10537, 51, 6),
( 10537, 58, 20),
( 10537, 72, 21),
( 10537, 73, 9),
( 10538, 70, 7),
( 10538, 72, 1),
( 10539, 13, 8),
( 10539, 21, 15),
( 10539, 33, 15),
( 10539, 49, 6),
( 10540, 3, 60),
( 10540, 26, 40),
( 10540, 38, 30),
( 10540, 68, 35),
( 10541, 24, 35),
( 10541, 38, 4),
( 10541, 65, 36),
( 10541, 71, 9),
( 10542, 11, 15),
( 10542, 54, 24),
( 10543, 12, 30),
( 10543, 23, 70),
( 10544, 28, 7),
( 10544, 67, 7),
( 10545, 11, 10),
( 10546, 7, 10),
( 10546, 35, 30),
( 10546, 62, 40),
( 10547, 32, 24),
( 10547, 36, 60),
( 10548, 34, 10),
( 10548, 41, 14),
( 10549, 31, 55),
( 10549, 45, 100),
( 10549, 51, 48),
( 10550, 17, 8),
( 10550, 19, 10),
( 10550, 21, 6),
( 10550, 61, 10),
( 10551, 16, 40),
( 10551, 35, 20),
( 10551, 44, 40),
( 10552, 69, 18),
( 10552, 75, 30),
( 10553, 11, 15),
( 10553, 16, 14),
( 10553, 22, 24),
( 10553, 31, 30),
( 10553, 35, 6),
( 10554, 16, 30),
( 10554, 23, 20),
( 10554, 62, 20),
( 10554, 77, 10),
( 10555, 14, 30),
( 10555, 19, 35),
( 10555, 24, 18),
( 10555, 51, 20),
( 10555, 56, 40),
( 10556, 72, 24),
( 10557, 64, 30),
( 10557, 75, 20),
( 10558, 47, 25),
( 10558, 51, 20),
( 10558, 52, 30),
( 10558, 53, 18),
( 10558, 73, 3),
( 10559, 41, 12),
( 10559, 55, 18),
( 10560, 30, 20),
( 10560, 62, 15),
( 10561, 44, 10),
( 10561, 51, 50),
( 10562, 33, 20),
( 10562, 62, 10),
( 10563, 36, 25),
( 10563, 52, 70),
( 10564, 17, 16),
( 10564, 31, 6),
( 10564, 55, 25),
( 10565, 24, 25),
( 10565, 64, 18),
( 10566, 11, 35),
( 10566, 18, 18),
( 10566, 76, 10),
( 10567, 31, 60),
( 10567, 51, 3),
( 10567, 59, 40),
( 10568, 10, 5),
( 10569, 31, 35),
( 10569, 76, 30),
( 10570, 11, 15),
( 10570, 56, 60),
( 10571, 14, 11),
( 10571, 42, 28),
( 10572, 16, 12),
( 10572, 32, 10),
( 10572, 40, 50),
( 10572, 75, 15),
( 10573, 17, 18),
( 10573, 34, 40),
( 10573, 53, 25),
( 10574, 33, 14),
( 10574, 40, 2),
( 10574, 62, 10),
( 10574, 64, 6),
( 10575, 59, 12),
( 10575, 63, 6),
( 10575, 72, 30),
( 10575, 76, 10),
( 10576, 1, 10),
( 10576, 31, 20),
( 10576, 44, 21),
( 10577, 39, 10),
( 10577, 75, 20),
( 10577, 77, 18),
( 10578, 35, 20),
( 10578, 57, 6),
( 10579, 15, 10),
( 10579, 75, 21),
( 10580, 14, 15),
( 10580, 41, 9),
( 10580, 65, 30),
( 10581, 75, 50),
( 10582, 57, 4),
( 10582, 76, 14),
( 10583, 29, 10),
( 10583, 60, 24),
( 10583, 69, 10),
( 10584, 31, 50),
( 10585, 47, 15),
( 10586, 52, 4),
( 10587, 26, 6),
( 10587, 35, 20),
( 10587, 77, 20),
( 10588, 18, 40),
( 10588, 42, 100),
( 10589, 35, 4),
( 10590, 1, 20),
( 10590, 77, 60),
( 10591, 3, 14),
( 10591, 7, 10),
( 10591, 54, 50),
( 10592, 15, 25),
( 10592, 26, 5),
( 10593, 20, 21),
( 10593, 69, 20),
( 10593, 76, 4),
( 10594, 52, 24),
( 10594, 58, 30),
( 10595, 35, 30),
( 10595, 61, 120),
( 10595, 69, 65),
( 10596, 56, 5),
( 10596, 63, 24),
( 10596, 75, 30),
( 10597, 24, 35),
( 10597, 57, 20),
( 10597, 65, 12),
( 10598, 27, 50),
( 10598, 71, 9),
( 10599, 62, 10),
( 10600, 54, 4),
( 10600, 73, 30),
( 10601, 13, 60),
( 10601, 59, 35),
( 10602, 77, 5),
( 10603, 22, 48),
( 10603, 49, 25),
( 10604, 48, 6),
( 10604, 76, 10),
( 10605, 16, 30),
( 10605, 59, 20),
( 10605, 60, 70),
( 10605, 71, 15),
( 10606, 4, 20),
( 10606, 55, 20),
( 10606, 62, 10),
( 10607, 7, 45),
( 10607, 17, 100),
( 10607, 33, 14),
( 10607, 40, 42),
( 10607, 72, 12),
( 10608, 56, 28),
( 10609, 1, 3),
( 10609, 10, 10),
( 10609, 21, 6),
( 10610, 36, 21),
( 10611, 1, 6),
( 10611, 2, 10),
( 10611, 60, 15),
( 10612, 10, 70),
( 10612, 36, 55),
( 10612, 49, 18),
( 10612, 60, 40),
( 10612, 76, 80),
( 10613, 13, 8),
( 10613, 75, 40),
( 10614, 11, 14),
( 10614, 21, 8),
( 10614, 39, 5),
( 10615, 55, 5),
( 10616, 38, 15),
( 10616, 56, 14),
( 10616, 70, 15),
( 10616, 71, 15),
( 10617, 59, 30),
( 10618, 6, 70),
( 10618, 56, 20),
( 10618, 68, 15),
( 10619, 21, 42),
( 10619, 22, 40),
( 10620, 24, 5),
( 10620, 52, 5),
( 10621, 19, 5),
( 10621, 23, 10),
( 10621, 70, 20),
( 10621, 71, 15),
( 10622, 2, 20),
( 10622, 68, 18),
( 10623, 14, 21),
( 10623, 19, 15),
( 10623, 21, 25),
( 10623, 24, 3),
( 10623, 35, 30),
( 10624, 28, 10),
( 10624, 29, 6),
( 10624, 44, 10),
( 10625, 14, 3),
( 10625, 42, 5),
( 10625, 60, 10),
( 10626, 53, 12),
( 10626, 60, 20),
( 10626, 71, 20),
( 10627, 62, 15),
( 10627, 73, 35),
( 10628, 1, 25),
( 10629, 29, 20),
( 10629, 64, 9),
( 10630, 55, 12),
( 10630, 76, 35),
( 10631, 75, 8),
( 10632, 2, 30),
( 10632, 33, 20),
( 10633, 12, 36),
( 10633, 13, 13),
( 10633, 26, 35),
( 10633, 62, 80),
( 10634, 7, 35),
( 10634, 18, 50),
( 10634, 51, 15),
( 10634, 75, 2),
( 10635, 4, 10),
( 10635, 5, 15),
( 10635, 22, 40),
( 10636, 4, 25),
( 10636, 58, 6),
( 10637, 11, 10),
( 10637, 50, 25),
( 10637, 56, 60),
( 10638, 45, 20),
( 10638, 65, 21),
( 10638, 72, 60),
( 10639, 18, 8),
( 10640, 69, 20),
( 10640, 70, 15),
( 10641, 2, 50),
( 10641, 40, 60),
( 10642, 21, 30),
( 10642, 61, 20),
( 10643, 28, 15),
( 10643, 39, 21),
( 10643, 46, 2),
( 10644, 18, 4),
( 10644, 43, 20),
( 10644, 46, 21),
( 10645, 18, 20),
( 10645, 36, 15),
( 10646, 1, 15),
( 10646, 10, 18),
( 10646, 71, 30),
( 10646, 77, 35),
( 10647, 19, 30),
( 10647, 39, 20),
( 10648, 22, 15),
( 10648, 24, 15),
( 10649, 28, 20),
( 10649, 72, 15),
( 10650, 30, 30),
( 10650, 53, 25),
( 10650, 54, 30),
( 10651, 19, 12),
( 10651, 22, 20),
( 10652, 30, 2),
( 10652, 42, 20),
( 10653, 16, 30),
( 10653, 60, 20),
( 10654, 4, 12),
( 10654, 39, 20),
( 10654, 54, 6),
( 10655, 41, 20),
( 10656, 14, 3),
( 10656, 44, 28),
( 10656, 47, 6),
( 10657, 15, 50),
( 10657, 41, 24),
( 10657, 46, 45),
( 10657, 47, 10),
( 10657, 56, 45),
( 10657, 60, 30),
( 10658, 21, 60),
( 10658, 40, 70),
( 10658, 60, 55),
( 10658, 77, 70),
( 10659, 31, 20),
( 10659, 40, 24),
( 10659, 70, 40),
( 10660, 20, 21),
( 10661, 39, 3),
( 10661, 58, 49),
( 10662, 68, 10),
( 10663, 40, 30),
( 10663, 42, 30),
( 10663, 51, 20),
( 10664, 10, 24),
( 10664, 56, 12),
( 10664, 65, 15),
( 10665, 51, 20),
( 10665, 59, 1),
( 10665, 76, 10),
( 10666, 29, 36),
( 10666, 65, 10),
( 10667, 69, 45),
( 10667, 71, 14),
( 10668, 31, 8),
( 10668, 55, 4),
( 10668, 64, 15),
( 10669, 36, 30),
( 10670, 23, 32),
( 10670, 46, 60),
( 10670, 67, 25),
( 10670, 73, 50),
( 10670, 75, 25),
( 10671, 16, 10),
( 10671, 62, 10),
( 10671, 65, 12),
( 10672, 38, 15),
( 10672, 71, 12),
( 10673, 16, 3),
( 10673, 42, 6),
( 10673, 43, 6),
( 10674, 23, 5),
( 10675, 14, 30),
( 10675, 53, 10),
( 10675, 58, 30),
( 10676, 10, 2),
( 10676, 19, 7),
( 10676, 44, 21),
( 10677, 26, 30),
( 10677, 33, 8),
( 10678, 12, 100),
( 10678, 33, 30),
( 10678, 41, 120),
( 10678, 54, 30),
( 10679, 59, 12),
( 10680, 16, 50),
( 10680, 31, 20),
( 10680, 42, 40),
( 10681, 19, 30),
( 10681, 21, 12),
( 10681, 64, 28),
( 10682, 33, 30),
( 10682, 66, 4),
( 10682, 75, 30),
( 10683, 52, 9),
( 10684, 40, 20),
( 10684, 47, 40),
( 10684, 60, 30),
( 10685, 10, 20),
( 10685, 41, 4),
( 10685, 47, 15),
( 10686, 17, 30),
( 10686, 26, 15),
( 10687, 9, 50),
( 10687, 29, 10),
( 10687, 36, 6),
( 10688, 10, 18),
( 10688, 28, 60),
( 10688, 34, 14),
( 10689, 1, 35),
( 10690, 56, 20),
( 10690, 77, 30),
( 10691, 1, 30),
( 10691, 29, 40),
( 10691, 43, 40),
( 10691, 44, 24),
( 10691, 62, 48),
( 10692, 63, 20),
( 10693, 9, 6),
( 10693, 54, 60),
( 10693, 69, 30),
( 10693, 73, 15),
( 10694, 7, 90),
( 10694, 59, 25),
( 10694, 70, 50),
( 10695, 8, 10),
( 10695, 12, 4),
( 10695, 24, 20),
( 10696, 17, 20),
( 10696, 46, 18),
( 10697, 19, 7),
( 10697, 35, 9),
( 10697, 58, 30),
( 10697, 70, 30),
( 10698, 11, 15),
( 10698, 17, 8),
( 10698, 29, 12),
( 10698, 65, 65),
( 10698, 70, 8),
( 10699, 47, 12),
( 10700, 1, 5),
( 10700, 34, 12),
( 10700, 68, 40),
( 10700, 71, 60),
( 10701, 59, 42),
( 10701, 71, 20),
( 10701, 76, 35),
( 10702, 3, 6),
( 10702, 76, 15),
( 10703, 2, 5),
( 10703, 59, 35),
( 10703, 73, 35),
( 10704, 4, 6),
( 10704, 24, 35),
( 10704, 48, 24),
( 10705, 31, 20),
( 10705, 32, 4),
( 10706, 16, 20),
( 10706, 43, 24),
( 10706, 59, 8),
( 10707, 55, 21),
( 10707, 57, 40),
( 10707, 70, 28),
( 10708, 5, 4),
( 10708, 36, 5),
( 10709, 8, 40),
( 10709, 51, 28),
( 10709, 60, 10),
( 10710, 19, 5),
( 10710, 47, 5),
( 10711, 19, 12),
( 10711, 41, 42),
( 10711, 53, 120),
( 10712, 53, 3),
( 10712, 56, 30),
( 10713, 10, 18),
( 10713, 26, 30),
( 10713, 45, 110),
( 10713, 46, 24),
( 10714, 2, 30),
( 10714, 17, 27),
( 10714, 47, 50),
( 10714, 56, 18),
( 10714, 58, 12),
( 10715, 10, 21),
( 10715, 71, 30),
( 10716, 21, 5),
( 10716, 51, 7),
( 10716, 61, 10),
( 10717, 21, 32),
( 10717, 54, 15),
( 10717, 69, 25),
( 10718, 12, 36),
( 10718, 16, 20),
( 10718, 36, 40),
( 10718, 62, 20),
( 10719, 18, 12),
( 10719, 30, 3),
( 10719, 54, 40),
( 10720, 35, 21),
( 10720, 71, 8),
( 10721, 44, 50),
( 10722, 2, 3),
( 10722, 31, 50),
( 10722, 68, 45),
( 10722, 75, 42),
( 10723, 26, 15),
( 10724, 10, 16),
( 10724, 61, 5),
( 10725, 41, 12),
( 10725, 52, 4),
( 10725, 55, 6),
( 10726, 4, 25),
( 10726, 11, 5),
( 10727, 17, 20),
( 10727, 56, 10),
( 10727, 59, 10),
( 10728, 30, 15),
( 10728, 40, 6),
( 10728, 55, 12),
( 10728, 60, 15),
( 10729, 1, 50),
( 10729, 21, 30),
( 10729, 50, 40),
( 10730, 16, 15),
( 10730, 31, 3),
( 10730, 65, 10),
( 10731, 21, 40),
( 10731, 51, 30),
( 10732, 76, 20),
( 10733, 14, 16),
( 10733, 28, 20),
( 10733, 52, 25),
( 10734, 6, 30),
( 10734, 30, 15),
( 10734, 76, 20),
( 10735, 61, 20),
( 10735, 77, 2),
( 10736, 65, 40),
( 10736, 75, 20),
( 10737, 13, 4),
( 10737, 41, 12),
( 10738, 16, 3),
( 10739, 36, 6),
( 10739, 52, 18),
( 10740, 28, 5),
( 10740, 35, 35),
( 10740, 45, 40),
( 10740, 56, 14),
( 10741, 2, 15),
( 10742, 3, 20),
( 10742, 60, 50),
( 10742, 72, 35),
( 10743, 46, 28),
( 10744, 40, 50),
( 10745, 18, 24),
( 10745, 44, 16),
( 10745, 59, 45),
( 10745, 72, 7),
( 10746, 13, 6),
( 10746, 42, 28),
( 10746, 62, 9),
( 10746, 69, 40),
( 10747, 31, 8),
( 10747, 41, 35),
( 10747, 63, 9),
( 10747, 69, 30),
( 10748, 23, 44),
( 10748, 40, 40),
( 10748, 56, 28),
( 10749, 56, 15),
( 10749, 59, 6),
( 10749, 76, 10),
( 10750, 14, 5),
( 10750, 45, 40),
( 10750, 59, 25),
( 10751, 26, 12),
( 10751, 30, 30),
( 10751, 50, 20),
( 10751, 73, 15),
( 10752, 1, 8),
( 10752, 69, 3),
( 10753, 45, 4),
( 10753, 74, 5),
( 10754, 40, 3),
( 10755, 47, 30),
( 10755, 56, 30),
( 10755, 57, 14),
( 10755, 69, 25),
( 10756, 18, 21),
( 10756, 36, 20),
( 10756, 68, 6),
( 10756, 69, 20),
( 10757, 34, 30),
( 10757, 59, 7),
( 10757, 62, 30),
( 10757, 64, 24),
( 10758, 26, 20),
( 10758, 52, 60),
( 10758, 70, 40),
( 10759, 32, 10),
( 10760, 25, 12),
( 10760, 27, 40),
( 10760, 43, 30),
( 10761, 25, 35),
( 10761, 75, 18),
( 10762, 39, 16),
( 10762, 47, 30),
( 10762, 51, 28),
( 10762, 56, 60),
( 10763, 21, 40),
( 10763, 22, 6),
( 10763, 24, 20),
( 10764, 3, 20),
( 10764, 39, 130),
( 10765, 65, 80),
( 10766, 2, 40),
( 10766, 7, 35),
( 10766, 68, 40),
( 10767, 42, 2),
( 10768, 22, 4),
( 10768, 31, 50),
( 10768, 60, 15),
( 10768, 71, 12),
( 10769, 41, 30),
( 10769, 52, 15),
( 10769, 61, 20),
( 10769, 62, 15),
( 10770, 11, 15),
( 10771, 71, 16),
( 10772, 29, 18),
( 10772, 59, 25),
( 10773, 17, 33),
( 10773, 31, 70),
( 10773, 75, 7),
( 10774, 31, 2),
( 10774, 66, 50),
( 10775, 10, 6),
( 10775, 67, 3),
( 10776, 31, 16),
( 10776, 42, 12),
( 10776, 45, 27),
( 10776, 51, 120),
( 10777, 42, 20),
( 10778, 41, 10),
( 10779, 16, 20),
( 10779, 62, 20),
( 10780, 70, 35),
( 10780, 77, 15),
( 10781, 54, 3),
( 10781, 56, 20),
( 10781, 74, 35),
( 10782, 31, 1),
( 10783, 31, 10),
( 10783, 38, 5),
( 10784, 36, 30),
( 10784, 39, 2),
( 10784, 72, 30),
( 10785, 10, 10),
( 10785, 75, 10),
( 10786, 8, 30),
( 10786, 30, 15),
( 10786, 75, 42),
( 10787, 2, 15),
( 10787, 29, 20),
( 10788, 19, 50),
( 10788, 75, 40),
( 10789, 18, 30),
( 10789, 35, 15),
( 10789, 63, 30),
( 10789, 68, 18),
( 10790, 7, 3),
( 10790, 56, 20),
( 10791, 29, 14),
( 10791, 41, 20),
( 10792, 2, 10),
( 10792, 54, 3),
( 10792, 68, 15),
( 10793, 41, 14),
( 10793, 52, 8),
( 10794, 14, 15),
( 10794, 54, 6),
( 10795, 16, 65),
( 10795, 17, 35),
( 10796, 26, 21),
( 10796, 44, 10),
( 10796, 64, 35),
( 10796, 69, 24),
( 10797, 11, 20),
( 10798, 62, 2),
( 10798, 72, 10),
( 10799, 13, 20),
( 10799, 24, 20),
( 10799, 59, 25),
( 10800, 11, 50),
( 10800, 51, 10),
( 10800, 54, 7),
( 10801, 17, 40),
( 10801, 29, 20),
( 10802, 30, 25),
( 10802, 51, 30),
( 10802, 55, 60),
( 10802, 62, 5),
( 10803, 19, 24),
( 10803, 25, 15),
( 10803, 59, 15),
( 10804, 10, 36),
( 10804, 28, 24),
( 10804, 49, 4),
( 10805, 34, 10),
( 10805, 38, 10),
( 10806, 2, 20),
( 10806, 65, 2),
( 10806, 74, 15),
( 10807, 40, 1),
( 10808, 56, 20),
( 10808, 76, 50),
( 10809, 52, 20),
( 10810, 13, 7),
( 10810, 25, 5),
( 10810, 70, 5),
( 10811, 19, 15),
( 10811, 23, 18),
( 10811, 40, 30),
( 10812, 31, 16),
( 10812, 72, 40),
( 10812, 77, 20),
( 10813, 2, 12),
( 10813, 46, 35),
( 10814, 41, 20),
( 10814, 43, 20),
( 10814, 48, 8),
( 10814, 61, 30),
( 10815, 33, 16),
( 10816, 38, 30),
( 10816, 62, 20),
( 10817, 26, 40),
( 10817, 38, 30),
( 10817, 40, 60),
( 10817, 62, 25),
( 10818, 32, 20),
( 10818, 41, 20),
( 10819, 43, 7),
( 10819, 75, 20),
( 10820, 56, 30),
( 10821, 35, 20),
( 10821, 51, 6),
( 10822, 62, 3),
( 10822, 70, 6),
( 10823, 11, 20),
( 10823, 57, 15),
( 10823, 59, 40),
( 10823, 77, 15),
( 10824, 41, 12),
( 10824, 70, 9),
( 10825, 26, 12),
( 10825, 53, 20),
( 10826, 31, 35),
( 10826, 57, 15),
( 10827, 10, 15),
( 10827, 39, 21),
( 10828, 20, 5),
( 10828, 38, 2),
( 10829, 2, 10),
( 10829, 8, 20),
( 10829, 13, 10),
( 10829, 60, 21),
( 10830, 6, 6),
( 10830, 39, 28),
( 10830, 60, 30),
( 10830, 68, 24),
( 10831, 19, 2),
( 10831, 35, 8),
( 10831, 38, 8),
( 10831, 43, 9),
( 10832, 13, 3),
( 10832, 25, 10),
( 10832, 44, 16),
( 10832, 64, 3),
( 10833, 7, 20),
( 10833, 31, 9),
( 10833, 53, 9),
( 10834, 29, 8),
( 10834, 30, 20),
( 10835, 59, 15),
( 10835, 77, 2),
( 10836, 22, 52),
( 10836, 35, 6),
( 10836, 57, 24),
( 10836, 60, 60),
( 10836, 64, 30),
( 10837, 13, 6),
( 10837, 40, 25),
( 10837, 47, 40),
( 10837, 76, 21),
( 10838, 1, 4),
( 10838, 18, 25),
( 10838, 36, 50),
( 10839, 58, 30),
( 10839, 72, 15),
( 10840, 25, 6),
( 10840, 39, 10),
( 10841, 10, 16),
( 10841, 56, 30),
( 10841, 59, 50),
( 10841, 77, 15),
( 10842, 11, 15),
( 10842, 43, 5),
( 10842, 68, 20),
( 10842, 70, 12),
( 10843, 51, 4),
( 10844, 22, 35),
( 10845, 23, 70),
( 10845, 35, 25),
( 10845, 42, 42),
( 10845, 58, 60),
( 10845, 64, 48),
( 10846, 4, 21),
( 10846, 70, 30),
( 10846, 74, 20),
( 10847, 1, 80),
( 10847, 19, 12),
( 10847, 37, 60),
( 10847, 45, 36),
( 10847, 60, 45),
( 10847, 71, 55),
( 10848, 5, 30),
( 10848, 9, 3),
( 10849, 3, 49),
( 10849, 26, 18),
( 10850, 25, 20),
( 10850, 33, 4),
( 10850, 70, 30),
( 10851, 2, 5),
( 10851, 25, 10),
( 10851, 57, 10),
( 10851, 59, 42),
( 10852, 2, 15),
( 10852, 17, 6),
( 10852, 62, 50),
( 10853, 18, 10),
( 10854, 10, 100),
( 10854, 13, 65),
( 10855, 16, 50),
( 10855, 31, 14),
( 10855, 56, 24),
( 10855, 65, 15),
( 10856, 2, 20),
( 10856, 42, 20),
( 10857, 3, 30),
( 10857, 26, 35),
( 10857, 29, 10),
( 10858, 7, 5),
( 10858, 27, 10),
( 10858, 70, 4),
( 10859, 24, 40),
( 10859, 54, 35),
( 10859, 64, 30),
( 10860, 51, 3),
( 10860, 76, 20),
( 10861, 17, 42),
( 10861, 18, 20),
( 10861, 21, 40),
( 10861, 33, 35),
( 10861, 62, 3),
( 10862, 11, 25),
( 10862, 52, 8),
( 10863, 1, 20),
( 10863, 58, 12),
( 10864, 35, 4),
( 10864, 67, 15),
( 10865, 38, 60),
( 10865, 39, 80),
( 10866, 2, 21),
( 10866, 24, 6),
( 10866, 30, 40),
( 10867, 53, 3),
( 10868, 26, 20),
( 10868, 35, 30),
( 10868, 49, 42),
( 10869, 1, 40),
( 10869, 11, 10),
( 10869, 23, 50),
( 10869, 68, 20),
( 10870, 35, 3),
( 10870, 51, 2),
( 10871, 6, 50),
( 10871, 16, 12),
( 10871, 17, 16),
( 10872, 55, 10),
( 10872, 62, 20),
( 10872, 64, 15),
( 10872, 65, 21),
( 10873, 21, 20),
( 10873, 28, 3),
( 10874, 10, 10),
( 10875, 19, 25),
( 10875, 47, 21),
( 10875, 49, 15),
( 10876, 46, 21),
( 10876, 64, 20),
( 10877, 16, 30),
( 10877, 18, 25),
( 10878, 20, 20),
( 10879, 40, 12),
( 10879, 65, 10),
( 10879, 76, 10),
( 10880, 23, 30),
( 10880, 61, 30),
( 10880, 70, 50),
( 10881, 73, 10),
( 10882, 42, 25),
( 10882, 49, 20),
( 10882, 54, 32),
( 10883, 24, 8),
( 10884, 21, 40),
( 10884, 56, 21),
( 10884, 65, 12),
( 10885, 2, 20),
( 10885, 24, 12),
( 10885, 70, 30),
( 10885, 77, 25),
( 10886, 10, 70),
( 10886, 31, 35),
( 10886, 77, 40),
( 10887, 25, 5),
( 10888, 2, 20),
( 10888, 68, 18),
( 10889, 11, 40),
( 10889, 38, 40),
( 10890, 17, 15),
( 10890, 34, 10),
( 10890, 41, 14),
( 10891, 30, 15),
( 10892, 59, 40),
( 10893, 8, 30),
( 10893, 24, 10),
( 10893, 29, 24),
( 10893, 30, 35),
( 10893, 36, 20),
( 10894, 13, 28),
( 10894, 69, 50),
( 10894, 75, 120),
( 10895, 24, 110),
( 10895, 39, 45),
( 10895, 40, 91),
( 10895, 60, 100),
( 10896, 45, 15),
( 10896, 56, 16),
( 10897, 29, 80),
( 10897, 30, 36),
( 10898, 13, 5),
( 10899, 39, 8),
( 10900, 70, 3),
( 10901, 41, 30),
( 10901, 71, 30),
( 10902, 55, 30),
( 10902, 62, 6),
( 10903, 13, 40),
( 10903, 65, 21),
( 10903, 68, 20),
( 10904, 58, 15),
( 10904, 62, 35),
( 10905, 1, 20),
( 10906, 61, 15),
( 10907, 75, 14),
( 10908, 7, 20),
( 10908, 52, 14),
( 10909, 7, 12),
( 10909, 16, 15),
( 10909, 41, 5),
( 10910, 19, 12),
( 10910, 49, 10),
( 10910, 61, 5),
( 10911, 1, 10),
( 10911, 17, 12),
( 10911, 67, 15),
( 10912, 11, 40),
( 10912, 29, 60),
( 10913, 4, 30),
( 10913, 33, 40),
( 10913, 58, 15),
( 10914, 71, 25),
( 10915, 17, 10),
( 10915, 33, 30),
( 10915, 54, 10),
( 10916, 16, 6),
( 10916, 32, 6),
( 10916, 57, 20),
( 10917, 30, 1),
( 10917, 60, 10),
( 10918, 1, 60),
( 10918, 60, 25),
( 10919, 16, 24),
( 10919, 25, 24),
( 10919, 40, 20),
( 10920, 50, 24),
( 10921, 35, 10),
( 10921, 63, 40),
( 10922, 17, 15),
( 10922, 24, 35),
( 10923, 42, 10),
( 10923, 43, 10),
( 10923, 67, 24),
( 10924, 10, 20),
( 10924, 28, 30),
( 10924, 75, 6),
( 10925, 36, 25),
( 10925, 52, 12),
( 10926, 11, 2),
( 10926, 13, 10),
( 10926, 19, 7),
( 10926, 72, 10),
( 10927, 20, 5),
( 10927, 52, 5),
( 10927, 76, 20),
( 10928, 47, 5),
( 10928, 76, 5),
( 10929, 21, 60),
( 10929, 75, 49),
( 10929, 77, 15),
( 10930, 21, 36),
( 10930, 27, 25),
( 10930, 55, 25),
( 10930, 58, 30),
( 10931, 13, 42),
( 10931, 57, 30),
( 10932, 16, 30),
( 10932, 62, 14),
( 10932, 72, 16),
( 10932, 75, 20),
( 10933, 53, 2),
( 10933, 61, 30),
( 10934, 6, 20),
( 10935, 1, 21),
( 10935, 18, 4),
( 10935, 23, 8),
( 10936, 36, 30),
( 10937, 28, 8),
( 10937, 34, 20),
( 10938, 13, 20),
( 10938, 43, 24),
( 10938, 60, 49),
( 10938, 71, 35),
( 10939, 2, 10),
( 10939, 67, 40),
( 10940, 7, 8),
( 10940, 13, 20),
( 10941, 31, 44),
( 10941, 62, 30),
( 10941, 68, 80),
( 10941, 72, 50),
( 10942, 49, 28),
( 10943, 13, 15),
( 10943, 22, 21),
( 10943, 46, 15),
( 10944, 11, 5),
( 10944, 44, 18),
( 10944, 56, 18),
( 10945, 13, 20),
( 10945, 31, 10),
( 10946, 10, 25),
( 10946, 24, 25),
( 10946, 77, 40),
( 10947, 59, 4),
( 10948, 50, 9),
( 10948, 51, 40),
( 10948, 55, 4),
( 10949, 6, 12),
( 10949, 10, 30),
( 10949, 17, 6),
( 10949, 62, 60),
( 10950, 4, 5),
( 10951, 33, 15),
( 10951, 41, 6),
( 10951, 75, 50),
( 10952, 6, 16),
( 10952, 28, 2),
( 10953, 20, 50),
( 10953, 31, 50),
( 10954, 16, 28),
( 10954, 31, 25),
( 10954, 45, 30),
( 10954, 60, 24),
( 10955, 75, 12),
( 10956, 21, 12),
( 10956, 47, 14),
( 10956, 51, 8),
( 10957, 30, 30),
( 10957, 35, 40),
( 10957, 64, 8),
( 10958, 5, 20),
( 10958, 7, 6),
( 10958, 72, 5),
( 10959, 75, 20),
( 10960, 24, 10),
( 10960, 41, 24),
( 10961, 52, 6),
( 10961, 76, 60),
( 10962, 7, 45),
( 10962, 13, 77),
( 10962, 53, 20),
( 10962, 69, 9),
( 10962, 76, 44),
( 10963, 60, 2),
( 10964, 18, 6),
( 10964, 38, 5),
( 10964, 69, 10),
( 10965, 51, 16),
( 10966, 37, 8),
( 10966, 56, 12),
( 10966, 62, 12),
( 10967, 19, 12),
( 10967, 49, 40),
( 10968, 12, 30),
( 10968, 24, 30),
( 10968, 64, 4),
( 10969, 46, 9),
( 10970, 52, 40),
( 10971, 29, 14),
( 10972, 17, 6),
( 10972, 33, 7),
( 10973, 26, 5),
( 10973, 41, 6),
( 10973, 75, 10),
( 10974, 63, 10),
( 10975, 8, 16),
( 10975, 75, 10),
( 10976, 28, 20),
( 10977, 39, 30),
( 10977, 47, 30),
( 10977, 51, 10),
( 10977, 63, 20),
( 10978, 8, 20),
( 10978, 21, 40),
( 10978, 40, 10),
( 10978, 44, 6),
( 10979, 7, 18),
( 10979, 12, 20),
( 10979, 24, 80),
( 10979, 27, 30),
( 10979, 31, 24),
( 10979, 63, 35),
( 10980, 75, 40),
( 10981, 38, 60),
( 10982, 7, 20),
( 10982, 43, 9),
( 10983, 13, 84),
( 10983, 57, 15),
( 10984, 16, 55),
( 10984, 24, 20),
( 10984, 36, 40),
( 10985, 16, 36),
( 10985, 18, 8),
( 10985, 32, 35),
( 10986, 11, 30),
( 10986, 20, 15),
( 10986, 76, 10),
( 10986, 77, 15),
( 10987, 7, 60),
( 10987, 43, 6),
( 10987, 72, 20),
( 10988, 7, 60),
( 10988, 62, 40),
( 10989, 6, 40),
( 10989, 11, 15),
( 10989, 41, 4),
( 10990, 21, 65),
( 10990, 34, 60),
( 10990, 55, 65),
( 10990, 61, 66),
( 10991, 2, 50),
( 10991, 70, 20),
( 10991, 76, 90),
( 10992, 72, 2),
( 10993, 29, 50),
( 10993, 41, 35),
( 10994, 59, 18),
( 10995, 51, 20),
( 10995, 60, 4),
( 10996, 42, 40),
( 10997, 32, 50),
( 10997, 46, 20),
( 10997, 52, 20),
( 10998, 24, 12),
( 10998, 61, 7),
( 10998, 74, 20),
( 10998, 75, 30),
( 10999, 41, 20),
( 10999, 51, 15),
( 10999, 77, 21),
( 11000, 4, 25),
( 11000, 24, 30),
( 11000, 77, 30),
( 11001, 7, 60),
( 11001, 22, 25),
( 11001, 46, 25),
( 11001, 55, 6),
( 11002, 13, 56),
( 11002, 35, 15),
( 11002, 42, 24),
( 11002, 55, 40),
( 11003, 1, 4),
( 11003, 40, 10),
( 11003, 52, 10),
( 11004, 26, 6),
( 11004, 76, 6),
( 11005, 1, 2),
( 11005, 59, 10),
( 11006, 1, 8),
( 11006, 29, 2),
( 11007, 8, 30),
( 11007, 29, 10),
( 11007, 42, 14),
( 11008, 28, 70),
( 11008, 34, 90),
( 11008, 71, 21),
( 11009, 24, 12),
( 11009, 36, 18),
( 11009, 60, 9),
( 11010, 7, 20),
( 11010, 24, 10),
( 11011, 58, 40),
( 11011, 71, 20),
( 11012, 19, 50),
( 11012, 60, 36),
( 11012, 71, 60),
( 11013, 23, 10),
( 11013, 42, 4),
( 11013, 45, 20),
( 11013, 68, 2),
( 11014, 41, 28),
( 11015, 30, 15),
( 11015, 77, 18),
( 11016, 31, 15),
( 11016, 36, 16),
( 11017, 3, 25),
( 11017, 59, 110),
( 11017, 70, 30),
( 11018, 12, 20),
( 11018, 18, 10),
( 11018, 56, 5),
( 11019, 46, 3),
( 11019, 49, 2),
( 11020, 10, 24),
( 11021, 2, 11),
( 11021, 20, 15),
( 11021, 26, 63),
( 11021, 51, 44),
( 11021, 72, 35),
( 11022, 19, 35),
( 11022, 69, 30),
( 11023, 7, 4),
( 11023, 43, 30),
( 11024, 26, 12),
( 11024, 33, 30),
( 11024, 65, 21),
( 11024, 71, 50),
( 11025, 1, 10),
( 11025, 13, 20),
( 11026, 18, 8),
( 11026, 51, 10),
( 11027, 24, 30),
( 11027, 62, 21),
( 11028, 55, 35),
( 11028, 59, 24),
( 11029, 56, 20),
( 11029, 63, 12),
( 11030, 2, 100),
( 11030, 5, 70),
( 11030, 29, 60),
( 11030, 59, 100),
( 11031, 1, 45),
( 11031, 13, 80),
( 11031, 24, 21),
( 11031, 64, 20),
( 11031, 71, 16),
( 11032, 36, 35),
( 11032, 38, 25),
( 11032, 59, 30),
( 11033, 53, 70),
( 11033, 69, 36),
( 11034, 21, 15),
( 11034, 44, 12),
( 11034, 61, 6),
( 11035, 1, 10),
( 11035, 35, 60),
( 11035, 42, 30),
( 11035, 54, 10),
( 11036, 13, 7),
( 11036, 59, 30),
( 11037, 70, 4),
( 11038, 40, 5),
( 11038, 52, 2),
( 11038, 71, 30),
( 11039, 28, 20),
( 11039, 35, 24),
( 11039, 49, 60),
( 11039, 57, 28),
( 11040, 21, 20),
( 11041, 2, 30),
( 11041, 63, 30),
( 11042, 44, 15),
( 11042, 61, 4),
( 11043, 11, 10),
( 11044, 62, 12),
( 11045, 33, 15),
( 11045, 51, 24),
( 11046, 12, 20),
( 11046, 32, 15),
( 11046, 35, 18),
( 11047, 1, 25),
( 11047, 5, 30),
( 11048, 68, 42),
( 11049, 2, 10),
( 11049, 12, 4),
( 11050, 76, 50),
( 11051, 24, 10),
( 11052, 43, 30),
( 11052, 61, 10),
( 11053, 18, 35),
( 11053, 32, 20),
( 11053, 64, 25),
( 11054, 33, 10),
( 11054, 67, 20),
( 11055, 24, 15),
( 11055, 25, 15),
( 11055, 51, 20),
( 11055, 57, 20),
( 11056, 7, 40),
( 11056, 55, 35),
( 11056, 60, 50),
( 11057, 70, 3),
( 11058, 21, 3),
( 11058, 60, 21),
( 11058, 61, 4),
( 11059, 13, 30),
( 11059, 17, 12),
( 11059, 60, 35),
( 11060, 60, 4),
( 11060, 77, 10),
( 11061, 60, 15),
( 11062, 53, 10),
( 11062, 70, 12),
( 11063, 34, 30),
( 11063, 40, 40),
( 11063, 41, 30),
( 11064, 17, 77),
( 11064, 41, 12),
( 11064, 53, 25),
( 11064, 55, 4),
( 11064, 68, 55),
( 11065, 30, 4),
( 11065, 54, 20),
( 11066, 16, 3),
( 11066, 19, 42),
( 11066, 34, 35),
( 11067, 41, 9),
( 11068, 28, 8),
( 11068, 43, 36),
( 11068, 77, 28),
( 11069, 39, 20),
( 11070, 1, 40),
( 11070, 2, 20),
( 11070, 16, 30),
( 11070, 31, 20),
( 11071, 7, 15),
( 11071, 13, 10),
( 11072, 2, 8),
( 11072, 41, 40),
( 11072, 50, 22),
( 11072, 64, 130),
( 11073, 11, 10),
( 11073, 24, 20),
( 11074, 16, 14),
( 11075, 2, 10),
( 11075, 46, 30),
( 11075, 76, 2),
( 11076, 6, 20),
( 11076, 14, 20),
( 11076, 19, 10),
( 11077, 2, 24),
( 11077, 3, 4),
( 11077, 4, 1),
( 11077, 6, 1),
( 11077, 7, 1),
( 11077, 8, 2),
( 11077, 10, 1),
( 11077, 12, 2),
( 11077, 13, 4),
( 11077, 14, 1),
( 11077, 16, 2),
( 11077, 20, 1),
( 11077, 23, 2),
( 11077, 32, 1),
( 11077, 39, 2),
( 11077, 41, 3),
( 11077, 46, 3),
( 11077, 52, 2),
( 11077, 55, 2),
( 11077, 60, 2),
( 11077, 64, 2),
( 11077, 66, 1),
( 11077, 73, 2),
( 11077, 75, 4),
( 11077, 77, 2);

